mid,emp_id,location,name_first,name_middle,name_last,display_name
d4b8dee3-6185-4139-89ce-b1db30fd88d0,55-1870317,05,Lavina,Bink,Lenthall,
52f14ba1-49cb-4cf7-9794-9b7d6f3d5756,05-8830059,01,Latrina,Webb,Tuffin,Webb Tuffin
69824ffa-f311-4944-9749-911d8c944d0f,75-0253115,05,Bethina,Ara,McCarly,Ara McCarly
7e1a966d-4fe5-4c20-b88e-deb4d141af57,28-4094157,05,Wileen,Tedmund,Lubbock,Tedmund Lubbock
5a8776c1-64c6-4448-9d7d-4a755166b101,31-0118702,09,Miquela,Jeremiah,Halloway,
6cb614fc-536b-4fa3-b74f-dd7b50f4806f,30-7936298,04,Reidar,Traver,Hinder,Traver Hinder
a628366f-c518-4617-b35d-0bf70faf8885,12-2410359,05,Bradford,Dane,Haresnaip,
c0f61069-9cb3-40b8-aa29-b3dc10f01f53,11-8365490,01,Eugenius,Ferrel,Gully,
4dc379e6-ebf9-408e-a2eb-63ded63d0676,61-6406345,06,Whitney,Sheela,Keyse,Sheela Keyse
3e983661-62b6-440c-96e9-f2637fa8b4e8,19-3109730,08,Darci,Prentiss,Marians,
bd038407-40e9-48fc-bb3f-16122447f8a7,44-1822532,06,Cleopatra,Steve,Moggan,
12bd0af8-1891-4607-8f02-d693cb00d9d3,48-8056960,03,Vasili,Damien,Yendall,Damien Yendall
8821104a-567a-425b-99a2-d4dc3cbbeaf2,81-8109799,08,Jamison,Tina,Benoix,Tina Benoix
d3828883-8296-4bfe-8360-ecb83a1ad791,37-2763901,01,Max,Nerty,Menichino,
4be3200f-240d-4043-8de2-bf928b4f41cf,81-0130144,01,Tracie,Edmund,Drinkel,Edmund Drinkel
480ecf37-a039-4291-9af4-79494555b7bc,41-8416950,06,Dorian,Lana,Warlow,
ed96dac2-6d40-4c30-96f0-71cd608aef7f,01-3414149,05,Liuka,Lauree,Soans,Lauree Soans
840463f8-fc2a-41c1-b619-95420444e942,85-9215597,09,Reagan,Dave,Labin,Dave Labin
56303247-7574-40a9-8aca-74a1d8d3e1b8,01-5158959,04,Gilbertine,Waylin,Lyttle,
b7b495f9-b022-493a-ae31-b4a83e426068,80-0709096,08,Chaim,Saudra,Bwy,
8c9268d1-44e4-4908-9bf2-a490ca30c480,04-7869646,06,Thorstein,Teirtza,Reisin,Teirtza Reisin
175b3635-2ffe-4844-8118-b1825343c3ad,64-5880044,09,Jarrad,Broderick,Greenhow,
a94f4727-f5c7-4a48-9040-3dd9289ed0a6,80-5273399,04,Mora,Percy,Leggott,
b288fa9d-d162-4bcf-9e68-3bff14a124c7,25-9834674,05,Davidson,Cleveland,Pettyfar,
1ac59921-3cd1-4ab7-bce8-7a103f6cd312,15-0747790,07,Ralph,Kale,Greveson,Kale Greveson
716b564c-7e75-4607-ab4c-158c8c4a0d63,24-4509588,01,Mortimer,Brodie,Paxforde,
e238408d-ef08-450e-8f24-902c44fb9175,70-7964281,02,Silvester,Raquel,Dogg,Raquel Dogg
3f478fe4-ef31-4f3d-92bc-e84df722515e,22-9118843,09,Fitzgerald,Aubrey,Jakubowicz,Aubrey Jakubowicz
18a4354a-dd20-4ccd-8daf-0cc800c5f790,84-6598631,03,Ketti,Stormy,Berntsson,
d7b62166-aab2-41d0-b46b-e70f4c27f328,47-4385532,07,Garrot,Malchy,Axten,Malchy Axten
fd11fd31-2e23-471b-bbbe-837db161428e,13-8356569,01,Hazel,Cristy,Mattocks,Cristy Mattocks
619e4655-3a91-40be-964d-c4520ca2032b,09-4072140,08,Sean,Griswold,Petrasso,Griswold Petrasso
74e3853b-53bf-4a77-8a3b-1869ca61ad46,65-3141018,05,Wolf,Shirlee,Girodin,Shirlee Girodin
bff2a1e9-595c-4f9b-9bc7-e52c2d52fb0c,67-7182720,09,Hayley,Lucio,Barfitt,Lucio Barfitt
27bdf08b-470b-471d-b3e6-a836aa25f946,53-9257190,04,Marcile,Ethel,Gipp,Ethel Gipp
04350970-cae8-4653-812f-69642fb0a2f1,59-5785009,01,Tamarah,Donal,Donaldson,
a1fd0fd5-06f0-426d-97cc-bc7461fc9a58,98-1461570,05,Lowell,Valaree,Sabin,Valaree Sabin
0bd9efee-436f-41a7-8d80-ebcd9b4c5aa2,45-3860404,01,Hayyim,Garald,Radford,Garald Radford
1733301a-f1f5-442a-ae1a-ddc35e37dd4c,66-5590586,05,Frederigo,Lolita,Reedyhough,
92e6bad9-13e1-41e2-9c9d-d04353af46e0,27-3966100,07,Cynthea,Geoffry,Izaac,Geoffry Izaac
5424b8f6-b553-4491-aa6d-4db07beacaee,71-5620432,05,Erminie,Marilin,Laverty,Marilin Laverty
a79df3ce-fe0f-490d-8c37-1df2d9d040fc,65-0223890,05,Jermayne,Baird,Gomme,
eb430375-ef18-463e-8cf5-37f1a3e77f23,33-3977925,08,Stacia,Anselma,Aronstein,
2cb57a9c-be71-4a29-bd04-f42275f19662,90-2717867,08,Ferdinand,Portie,Tremellier,
971331fd-6435-4344-bf81-efa6468f01c1,40-0307142,01,Gaylord,Quentin,Grayshan,
27bca7e8-bff7-4d8a-b466-3795bf9c727f,41-9125763,08,Vernice,Tiffany,Carlesi,
f0f6fef0-c72a-45e4-a523-42091a3474d9,74-6320513,08,Dennis,Emile,Murtagh,Emile Murtagh
8125fd40-384a-4d17-ab6b-ea2de434a8cf,93-3681301,08,Angelo,Say,Gres,
515e18f2-1b88-44eb-9e9c-8f89cf7adf29,85-2536540,06,Chiarra,Roseline,Palk,Roseline Palk
763cbbd0-5617-4bb2-bd93-601c3c379c20,06-7642273,01,Cristen,Lyn,Stormes,Lyn Stormes
002e2d2a-62bd-4ffb-afba-825368b3ceb8,19-5350868,09,Eustacia,Ricoriki,Winsiowiecki,
e6330f0d-fabc-4546-9018-965cdf5d6f2b,32-7840342,05,Brennen,Yule,Oaten,
7b93e9a2-9862-4824-ab7f-372d2fbb58c1,67-4223821,09,Mallorie,Zach,Angood,Zach Angood
008b1232-bb7c-4399-b2a7-6688475f423b,30-2855243,05,Kizzee,Eleni,Ropartz,
c4aa578f-30b5-4886-ba0b-9c97877bf222,60-8303187,08,Roxine,Loralie,Loades,Loralie Loades
87fac00e-7b4a-4a5e-a873-749ed1ffd28f,63-6498499,09,Karry,Gaven,Polson,Gaven Polson
41b36e43-7f00-4524-8abd-56594cf6f35a,31-3857398,02,Francklin,Ingaborg,Trumpeter,
1fe8607c-53a8-49de-b3d5-7757480afdea,84-8359940,03,Lindy,Hedy,Featherby,
f6a3b061-c333-4c82-ba09-dfce21011090,67-5533113,01,Feliks,Hazel,Gilhespy,Hazel Gilhespy
43200221-f3d7-46ed-b359-54c204e6a528,07-6408165,09,Andrey,Alison,Johnsson,Alison Johnsson
062d2240-f105-4801-9a9f-f7919539889c,69-4112734,07,Brnaby,Isidoro,Fuchs,
4e548f7a-ad5f-4bd2-89a3-0b25dbb46e01,07-6855992,02,Dyanna,Dean,Von Gladbach,Dean Von Gladbach
6fa30cc6-48fc-4770-a744-17b40dbc7f6d,91-3197408,08,Valentine,Teressa,Tampen,
ef272c32-5abb-4716-bf77-2be271b831e7,34-8916299,07,Chelsy,Zitella,Daspar,Zitella Daspar
930ed5e2-afce-4e8b-84aa-736c8f0eee3f,37-5705463,01,Kinny,Prudence,Ogilvie,
b9b3a61d-79d1-458f-9db2-0d8076ba8619,32-1751828,03,Nari,Charmaine,Kittow,
13c3cc00-fef4-4f1a-ad3f-77079a969df0,39-4069340,09,Duane,Gale,Flaunier,Gale Flaunier
e2a48b20-0778-4485-92b6-039a0ee99be4,52-5504761,02,Andy,Melanie,Ebbin,
cf825bd7-09b2-460d-b6b1-af3ebe3cd302,96-7750878,07,Lina,Cate,Hunnywell,Cate Hunnywell
bf63f891-f046-42ab-88f2-8cc1372d28ea,97-8249413,01,Conant,Mose,Troppmann,
4d9b23a5-0dae-46c3-980a-ee0f5cad9be1,47-0274851,06,Marilyn,Sisile,Treker,Sisile Treker
8c6c98c2-d2ad-4b3e-a89c-03a7e6ad7fc8,24-1358113,07,Nollie,Gery,Bezley,Gery Bezley
b36c3621-4b11-4331-86d6-6f4192c4931e,86-8650541,09,Malena,Lorri,Masser,
ccfb5e34-6727-4faf-8ee4-4fc6258e467e,18-1012657,01,Osbourne,Brian,Everson,Brian Everson
5a7c8068-8c16-41cf-a11e-903eff85044f,02-3856067,07,Reinhold,Kale,Brewster,
cec16ee7-55ac-4e09-822c-9d8b53976257,80-0482336,01,Abagail,Callida,Dargavel,
c551b157-a996-43ee-8347-a09c106126a8,44-8177967,01,Teodor,Kiley,Haldene,
e00e3015-c68b-4a22-b745-bff873c112fc,95-0541185,02,Geoffrey,Abelard,Leathes,Abelard Leathes
4775cf15-cb67-4c7a-999b-6d83c19fbf4c,82-1022948,01,Fletcher,Giana,Devin,Giana Devin
a61a6f7a-7be9-42e9-941f-2a44bc35c1df,41-0334629,01,Tallie,Alisander,Cuel,
94388fcd-84c3-4cc1-8b47-fae9f35354ba,13-5540793,01,Zelda,Roch,Daulton,Roch Daulton
03f1cfd1-4cc7-4cdc-acc6-1f697916cd1f,34-3505085,06,Francklin,Lenee,Carrigan,
b67e6872-11a9-495f-99c1-558defd5efe0,16-5120545,05,Sapphire,Rorie,Hext,
e36c3ab2-37bf-47f0-bff5-8aac9088634a,06-1095822,08,Rossie,Tove,Calabry,Tove Calabry
54e3cdb8-cb55-4cf4-aea2-3391288187b4,53-4348198,07,Brenden,Cesar,Laight,Cesar Laight
2a4567e9-16df-476b-9597-0e203e84fcd3,18-6928291,07,Kamila,Giana,Cordie,
189aaf6d-b64e-494d-ba1b-f36068986069,94-1782851,03,Lemmy,Laura,Bendon,Laura Bendon
f8f2f76d-af36-41cd-aac8-10130e68fb8b,89-0005178,05,Phyllys,Munmro,Tutton,Munmro Tutton
31dc15bf-085e-478d-ad02-e9bdadb6b564,59-2158811,02,Mari,Bart,Wilbore,
4c80ee9a-c227-4fea-b032-43660c69a383,02-9645414,01,Bathsheba,Bamby,Alltimes,Bamby Alltimes
77c4a51e-a6c1-4dd5-8e58-8f1948126537,35-5818733,08,Pietrek,Ellynn,Piercy,Ellynn Piercy
2e24d0cc-2a16-40e3-ba0b-2ff04e4c4118,62-7266630,09,Zia,Juliana,Worral,Juliana Worral
3a3129a2-5663-4107-9da4-dde36237c416,34-7575868,07,Perkin,Shalna,Andrieu,
9b14cdfa-cb0c-461c-b75f-f51e4044f456,87-7966049,09,Franzen,Jonathan,McRobbie,Jonathan McRobbie
18f9c933-6537-43c0-92bb-d002fb31446b,02-6228473,08,Gregory,Vida,Davitt,Vida Davitt
3cc2daf7-dca0-4883-a3ca-de5ef37a1d0a,44-1356670,01,Casi,Libbi,Chaulk,
55f479e4-70a3-4e32-a681-b32999b1cabc,33-6251059,04,Vittoria,Vanni,Learmont,
6071f9bd-8239-486c-a467-21fb8caebbb6,66-7784276,08,George,Noland,Branscombe,Noland Branscombe
78fc3d02-7087-40ff-af9d-f76ab5bae5c3,32-9910227,08,Jae,Blanch,Leitche,Blanch Leitche
a02d8ab8-57ab-4d34-a069-0fd6df393d9e,14-1477683,07,Virgilio,Pietra,Kettles,
d4ae9a5e-1ffd-47ae-9fa3-ed93034f8320,01-4313135,07,Flem,Estevan,Bour,Estevan Bour
ddf021b3-0bb9-43b1-afce-6387e9bd0569,94-9430082,04,Pietrek,Phil,Hagard,Phil Hagard
f59c1794-09cd-4e9c-98e7-58640f30433e,21-7647865,07,Daveen,Bard,Showler,
3c4f3417-7983-40a6-a379-2ff686bd731f,45-9019276,05,Flori,Chilton,Abdee,
f60035ee-a135-4cd7-af58-f7741bd84a47,35-6846275,04,Rycca,Iorgo,Ciotti,Iorgo Ciotti
3f0f7621-8619-40a8-aebe-3790d0c59d30,91-9481023,09,Pegeen,Annemarie,Ballam,
a8b228d5-be61-4fb5-97f0-0f9be205f819,23-1457052,05,Harper,Wes,Elliker,
639bf91f-4711-461e-bab7-a824c50e2c5b,87-4909972,01,Eadie,Allissa,Wesgate,
d127fdc8-a807-494e-8a54-a8df6d7d29bc,29-5983931,09,Hali,Clotilda,Kopecka,Clotilda Kopecka
608068f8-c98c-4036-930f-4430aff20a27,47-8478285,03,Brandie,Alys,Mattia,Alys Mattia
2b337b69-c392-4923-9764-67d934fcc904,63-5361160,06,Bing,Lisa,Splevins,
19233a86-4cf4-4b69-96ac-78027d0dcf54,88-1295740,06,Melany,Denyse,Geldard,Denyse Geldard
8649e4bc-0e7c-4f03-8ef7-923ee613c748,08-0175591,01,Brittany,Kanya,Thouless,Kanya Thouless
407661e7-158e-4b77-a6ee-fbf1c2a11740,81-1833667,03,Riordan,Karil,Crossley,Karil Crossley
6627e99f-ebef-461d-9c95-e059bafdbfde,69-7456637,04,Carley,Felipe,Cancott,
834c49d2-7ce9-4e16-afb4-660ff03d77ba,79-6364032,09,Odell,Martica,Gaze,
8db5d817-2ce1-4092-b1a4-6a1fda89a83b,62-0130363,08,Donnie,Lonnard,Rickersy,
681ede12-fe77-4bf3-8ba4-d64c601db0cc,85-8212209,06,Jonas,Atalanta,Duckfield,Atalanta Duckfield
39bc38ec-b0ef-44ea-bf44-d080e2a63667,63-2562417,06,Elsi,Broddie,Insko,Broddie Insko
7c86cf67-7afa-4a9a-a757-9f367ce22325,79-5435235,01,Beverley,Pauli,Skillanders,Pauli Skillanders
7929f031-6bdf-4a28-be99-7891797c1225,82-9909418,01,Dianemarie,Sukey,Parlor,
f51257d9-42fc-4afa-b311-e4f9b1df594f,97-3343935,01,Philippine,Lesya,Balham,Lesya Balham
645f814c-1bac-4691-83c5-64ce3acaa420,41-9571057,09,Maryl,Dallas,Yukhnevich,Dallas Yukhnevich
394b6d00-cf1e-40c8-ac44-0e4e49f956ba,00-0134568,02,Peter,Clemente,MacFall,Clemente MacFall
4afde5e9-b14e-4337-a1b0-3aea708acb59,85-9705078,05,Genna,Trever,Patek,
05d87265-92da-41ad-81be-5d89acf19914,49-8329494,01,Everett,Mignonne,Gostall,
460303d3-11f9-4144-bd7e-c87900bbf1b3,60-8784743,05,Delores,Gelya,Filchakov,Gelya Filchakov
36daf286-4a1a-4aa4-a178-a411924fd229,41-1952629,04,Kristo,Kippie,Castlake,
e84fe2a1-e234-4223-a364-3856dd67ceec,80-8378294,08,Beryl,Jodee,Benda,
6038143b-929d-4337-b4fc-b70f47f84adb,98-8854317,01,Corissa,Sarajane,Spadotto,Sarajane Spadotto
b2e998b0-452b-49f5-95e8-adfba5ebd2b4,78-5422096,05,Field,Aube,Gemlbett,
5886cc0b-07db-4055-b18f-83d43cd7978c,90-2421440,05,Rey,Tristam,Wemm,
a4da89d5-36ce-4255-9110-172c34680b94,36-2996626,06,Rosita,Valentijn,Easby,Valentijn Easby
acbb2bd8-845f-4b8c-979f-3747e79d07a3,03-4367116,06,Nollie,Liane,Capinetti,Liane Capinetti
da847069-c825-420e-9c69-e0d21863a375,02-5936790,02,Floris,Esther,Damerell,
3796a3d8-8c22-4c7a-a2ba-a09aeeeb0c78,05-8499198,06,Lorilyn,Florri,Gelsthorpe,
0a726de5-1144-4b2a-95f0-ec8546e204e2,67-0455901,07,Amie,Pembroke,Searjeant,
d2cad5e8-2c4c-4233-9752-47a40b2cc9f2,63-9877612,02,Cobbie,Gabe,Cleveley,
490112f4-f9ed-47d8-879e-23d62c875f6c,37-5750658,09,Jacqueline,Dorella,Dugdale,Dorella Dugdale
207f9c5e-b43a-4e8d-adbf-0a860a2bc4d1,47-8784070,02,Obie,Jarad,Meharg,
9348c244-3366-425f-9e99-77235bc951cf,33-7318866,07,Alvina,Ekaterina,Stellin,
09b56191-591b-42fe-935b-fa2311a03e54,20-5328041,07,Sidnee,Kayla,Mucci,
cac82ec3-65cf-4515-b6ae-e0b8c7a8b59e,26-1919017,01,Elmer,Erin,Kalb,
c06f917e-a65b-449a-9240-b2fa3a2f3ac1,03-9077618,04,Pasquale,Josefina,Poley,
14180e2a-0e79-4955-9eb6-336851dd3a62,58-9448503,09,Ado,Ynez,Antonacci,Ynez Antonacci
140381d5-6bfe-4291-9efb-57493ff78620,11-8295604,01,Reagen,Drud,MacCrackan,Drud MacCrackan
230c7611-f06b-4abb-9ee6-7b90d82af6e8,79-6083682,05,Gabe,Stinky,McCaskill,Stinky McCaskill
6d3a85d1-5d0c-4a7b-bff6-15d3e3571749,31-8801384,02,Genevra,Suzy,Cudd,
dc3a946c-97cd-4587-83e7-5e82e98c1c11,60-7519310,08,Wayne,Christy,Leades,
f21b5ab9-7e80-48e7-9d3e-ef7550391ec9,29-3151450,05,Rivkah,Jayson,Haller,
28520fc1-53a7-48bc-aafc-5040474371cb,31-3930339,08,Eben,Arnuad,Howison,
9f8a04c1-0a01-4e8c-bbf1-c149cbe0fdc0,82-4024402,01,Sascha,Haskel,Jose,Haskel Jose
2c3d8e6d-54ec-4fb1-b167-c3593ea2be76,80-4371367,06,Stanislaus,Sandor,Wattam,
c65dbee2-d7a8-4c08-8b60-7b8f34c34d10,62-1243087,04,Guillema,Alasteir,Dobrowolny,
a1e159fa-fb3a-4cd0-9374-be9ffa4b3649,26-0544241,04,Nada,Travers,Barcke,Travers Barcke
2aa2ddca-423e-4e4b-9144-0769d58d033b,83-4335394,06,Herminia,Violet,Arons,
d90a0da7-9f9f-4cfb-b399-c44911e7a862,80-7497060,01,Aloysia,Calvin,Berg,Calvin Berg
ea8e893a-6b73-4f24-9a70-6f570e6255d8,24-3708416,07,Gay,Jodee,Espinas,Jodee Espinas
6a4d0d69-f6e1-4f5c-83a7-3f218e259033,69-4469789,01,Doyle,Malanie,Pena,
53af368d-36b7-4c4f-9b7d-dc61aec0e270,41-6039751,03,Avie,Em,Bosma,
fd687ed2-ecdb-4687-a967-0f3ee9204017,62-3366785,06,Shurwood,Clyve,Parham,Clyve Parham
ba9a05ee-78d6-40f4-aa86-a315af3291a9,37-3942469,07,Chandler,Kirstyn,Blindermann,
6673afd3-268e-44f1-a05e-2ba479b3f32f,49-3300133,05,Laurene,Hedda,Oates,Hedda Oates
db7dd149-3c7e-4462-a1ba-8f1e3d8392c2,88-6906865,05,Louisa,Sherline,Apted,Sherline Apted
d5ab0a31-a3a8-4f77-b6f2-992c1b1382be,43-7303807,07,Dwain,Fern,Corsor,Fern Corsor
ba9f5dbd-ca2b-415a-a4e8-18b871e54ccd,94-5850411,08,Maje,Melly,Dodell,Melly Dodell
0d14bd44-7c62-45bd-842e-f5533698faa1,54-0946430,07,Skipton,Gustaf,Fillon,Gustaf Fillon
1eafd60c-e5ae-463a-a71f-1c90cf29231b,17-6630363,05,Elianora,Wallie,Swindells,
a7c86083-1aec-44df-91e3-85523a0396db,62-7517292,02,Tessy,Derry,Haythorne,Derry Haythorne
63675032-e44f-48da-b740-f6e7a5f2818a,71-9458976,02,Joleen,Man,Rasp,
25a69d43-19c3-4c04-a005-30f11ec90e40,39-4788082,08,Leona,Ephrayim,Leece,Ephrayim Leece
e05033c9-2090-4a2f-8258-3aa0af7193ee,37-5214169,06,Temp,Loria,Ragot,Loria Ragot
aab63d99-b1b3-468c-af49-bc7cf2d2e76e,86-6910811,02,Lucky,Deena,Relfe,Deena Relfe
aa8a009b-f183-4e35-a511-5a6350e34014,44-6718959,04,Sly,Ashla,Giacobilio,
10e19a07-b70a-43cf-ae03-9b6ea3d67fba,35-8914199,06,Lila,Tabbie,Lawlie,
ba2b0d12-e646-4428-97b2-ece69172784c,28-1850162,07,Umberto,Emmeline,Kernoghan,Emmeline Kernoghan
9a79806d-4ab9-4685-982a-704c033ccbd2,14-2593366,09,Trueman,Cristina,Bexon,
07d2411e-bfca-4650-a25b-d26f2dbf877f,25-8925445,06,Joanne,Monte,Geeritz,Monte Geeritz
60d48c9e-c70c-4667-8832-fae78dd501d2,23-4225874,02,Ariel,Claretta,Storck,Claretta Storck
fbecf6c2-186a-4c2f-9bbe-67ebfe208b36,99-5085880,01,Lela,Tommy,Kintzel,Tommy Kintzel
122c85c5-b2be-49b1-89f9-d077ec9d6644,46-5388351,05,Annabela,Elaine,Damarell,
5d3aefaf-4cbd-4028-880c-154c8cdefbb3,48-7399370,01,Trefor,Camile,Syms,Camile Syms
3f425aa7-f7c3-4c77-997e-1dd831bebd4b,42-2593738,07,Fransisco,Karena,Wellum,
98b80895-ba10-4345-923b-bf624c812868,58-3846197,05,Karine,Tish,Fossey,
78ced0bc-6423-46e2-9358-d620cb4ebdc5,04-3553231,08,Robinia,Sollie,Mews,
04fc261d-d87d-4d4b-98e3-1ea2d356213f,68-8243659,05,Wilden,Gerry,MacRinn,Gerry MacRinn
e21098e0-8a1a-4b6d-9ec9-e836fc615c97,22-1186810,06,Griffith,Ellery,Russan,Ellery Russan
01cb3508-79b0-4e5a-bbdd-9001282d328f,82-7551419,09,Gabbi,Ogdan,Joan,Ogdan Joan
9a2e509c-660b-402a-96be-f8860d1d3361,44-5180089,02,Trixy,Jenilee,Caplis,
f031bd3d-d889-4d01-ae26-8b281f7d83b9,92-0423570,04,Sella,Foss,Maggill'Andreis,Foss Maggill'Andreis
d680f290-13f1-4658-acdc-13d196710ef6,99-3898915,01,Kennie,Raoul,Jendrach,Raoul Jendrach
c4ec7182-3e5d-4f7e-9fa8-fe450ef19e23,90-6248967,05,Shae,Jarrod,Radden,
eb266f5a-8401-43f8-bcb2-2701259bab38,63-3072012,06,Sherye,Mohammed,Sivior,Mohammed Sivior
335f5f5d-7f86-4d83-8c19-e2eb9c54394a,16-4544304,07,Luce,Kirsti,Jilkes,Kirsti Jilkes
37295655-a484-4d3f-bb04-1a9968792b9c,34-9595264,08,Mariquilla,Cicily,Lanchbury,Cicily Lanchbury
84ebcc49-149d-4cc9-b76a-725e4d898cd5,94-4350623,09,Lilah,Arturo,Tutin,Arturo Tutin
8a1fa1f0-6f7c-46b2-9ab5-a255bf5dd93f,03-7107465,02,Ignaz,Stacy,Pruce,Stacy Pruce
b57ded12-7074-4c2a-a5a2-52a6c1943dde,68-6530934,02,Wilden,Christen,Manger,Christen Manger
8008ddb0-a036-478b-bdea-3caee04b8962,54-9162044,05,Natale,Carrol,Ambrogini,Carrol Ambrogini
f3e53787-4c2e-4db4-a473-5874507890ae,28-0422407,05,Karalynn,Hetty,Caudrelier,Hetty Caudrelier
ceb96705-2d4b-4594-9d58-a91ddf47887b,07-3055812,04,Saidee,Alessandro,Sextie,Alessandro Sextie
002b0800-dcec-4a81-8460-cf77ef693ecb,23-9069387,05,Shayna,Christy,Oppery,Christy Oppery
27986e45-7d4e-4c9d-bf94-cbe1150e9ba5,20-1911760,06,Roobbie,Pierre,Kryzhov,
6531da32-dbd4-469b-9d38-bf6c24651b08,09-7901628,07,Dwight,Evvie,Paternoster,Evvie Paternoster
d51c104c-ba56-44d6-a8f2-94ce0f01a0ec,39-2928677,09,Alis,Robbyn,Creebo,Robbyn Creebo
b1379f98-1602-4b3a-8b17-280eb65ca7f0,68-2694743,08,Sauncho,Alard,Vertey,Alard Vertey
2bb00fc1-d529-40aa-ab2e-23af52213ca8,24-9605299,03,Robers,Maxy,Keer,
a14593cc-912a-41a7-a066-860cb6f5f8aa,35-8772823,05,Temp,Kearney,Minter,
b41a85f6-5c74-4823-a09b-8f958d4a2002,88-6497180,03,Ortensia,Tito,Weiss,Tito Weiss
c3b34e5b-d134-4c1f-aed1-66e3574f6ca1,22-6536263,05,Ravid,Georgine,Greatland,Georgine Greatland
1f8bca29-63b9-43b8-91c6-682f3be7d6bf,04-6970785,02,Leigh,Clayborn,Ohrtmann,Clayborn Ohrtmann
49893b73-6283-4e15-bc75-5be7f9b1c401,41-2956710,02,Raddie,Gilbertina,Nester,Gilbertina Nester
ef036636-19a0-4aa6-821a-994020511a4a,11-0141211,06,Taylor,Eyde,Gude,
f0121b14-181f-4a96-b418-61c323e00c53,98-2095502,06,Elihu,Emmey,Twelvetrees,Emmey Twelvetrees
a5a9a352-9f2a-4cd2-96c3-536f7e7a61f1,00-9713140,05,Billie,Kordula,Ferenczy,
d165e5d1-4630-4f52-b920-8174211476d9,90-8339359,04,Brok,Jania,Matejka,Jania Matejka
e7969325-f879-46e5-a2dd-b6cdd11af6bd,44-1049317,05,Terri,Reinhold,Holtham,
31e52444-2787-41bd-932d-f3fdc3afcef6,45-1955956,01,Eloise,Christian,Odgaard,Christian Odgaard
0524af8d-df61-4135-b046-17562ef03544,96-2344612,07,Chev,Cally,Gabotti,Cally Gabotti
d27d4e82-f097-4de4-a7b4-42f205f859da,18-1300244,06,Eldridge,Amandie,Prosser,
3075d863-16f9-4338-8fbf-e8534f1f9813,06-6051489,08,Hillel,Letti,Gong,
f30f9ada-345d-43a7-8bfc-52a6dec95327,35-3997969,01,Woodrow,Bob,Groneway,
5ca49002-ef57-4560-bbb4-ed9f2a8cefae,95-7319815,03,Valida,Siouxie,Vieyra,
bcdbccc8-2bdb-4da5-9c12-0bebda6c31a0,09-1216616,08,Joachim,Tobi,Meaden,
a0c3488c-adb2-4265-b35d-f9104394ed71,04-1210799,02,Major,Carr,Petrusch,
84582964-4b5e-4f48-a930-2ffde9dd9870,95-7060432,01,Frannie,Roddy,Lesek,
8048ca36-5425-4dfd-be21-b7b8ba6f9c75,66-9415111,07,Coleman,Eric,Cuddihy,
8f2606ea-25e1-432c-938c-666e13115f4a,72-8998519,05,Micky,Bryant,Romagosa,Bryant Romagosa
6b91218b-ba26-4eb3-b4d7-bcecb629b9ef,33-2886642,02,Kimberli,Heida,Klaas,
346b0857-6083-4b97-bdd9-368ab0bd0f82,27-1034468,05,Elke,Alasteir,Gallehock,Alasteir Gallehock
f3aafdc6-7215-4048-a6f8-1d8ed0158957,03-1399877,03,Kristos,Fernande,Sampson,Fernande Sampson
87d9c4f2-e443-49b9-be07-b56e90976cac,53-2097358,01,Ashley,Melli,Wabersinke,Melli Wabersinke
61be11bf-e5f0-44e7-97ef-772b8a061693,86-0629874,01,Clarette,Der,Nix,
82ac4dab-a37d-444f-89bd-31e4adf54c13,43-2644830,07,Sanford,Harv,Cooke,
6e1259df-c191-483c-997c-0a81618540f7,28-7827300,01,Carlota,Georges,Syddie,Georges Syddie
09c3e0ca-3f60-4982-9d6b-592a9e43f91c,82-5990982,03,Stesha,Xylina,Cammis,
8e889e50-c83d-42ac-8711-170c7da07137,00-0618760,04,Florida,Gerhardine,Greenman,
f4cb9f9e-326b-4240-9816-ede90ede25b0,42-4093007,06,Salomo,Lissy,Paumier,
26a39391-a5af-48a8-b34d-dfebce0e669a,57-5238307,02,Manfred,Orin,Benger,Orin Benger
6ce54bf9-e30a-4072-8bca-ceba78a098d2,32-4971983,01,Chase,Janeen,Harrill,Janeen Harrill
00ddb7d0-b137-4d70-a799-6c68b8477d9e,43-8315841,01,Ricca,Con,Thewlis,Con Thewlis
e76e8d49-6d15-4413-b792-6b40b7445f3e,68-5809309,01,Mariana,Percival,Marley,
b090fde9-cf58-47dd-bd7b-3f60689cb2fb,05-3322562,05,Curr,Giuditta,Paynton,
680b3692-3515-43e2-b6a1-a1fb20627e64,99-7886563,03,Nathaniel,Parrnell,Dowman,Parrnell Dowman
13bd277b-3e10-4975-9023-e9b721d504ab,48-9784978,05,Jeanine,Herminia,Karel,
fc41a40a-c676-490a-9730-172f82147f71,96-1619135,06,Suzi,Hana,Clarricoates,
33a53d68-311d-4798-b86c-bef1534529a4,62-5814040,09,Kara-lynn,Zebulen,Rozanski,Zebulen Rozanski
79251721-6c9f-4288-9645-e1b2a002863d,20-1716060,04,Donni,Brandyn,Stoakley,
00b9d10d-e319-404f-8576-cdfee29a4fcf,74-8767860,03,Papageno,Obadiah,Limbert,
bf13c636-3441-4608-ad88-a86a31aa6110,93-1816142,03,Gloriana,Delinda,Prodrick,Delinda Prodrick
78b32b23-7c12-4960-9f58-b746efef21c0,50-9180049,09,Melisse,Garald,Christoffels,Garald Christoffels
8f48bd84-7bcb-4377-9c51-8a113b819b7d,74-5980915,05,Ailbert,Dulci,Francello,Dulci Francello
0196e22a-40cc-4e1f-a548-a7f8fd15b765,81-8957456,05,Cherlyn,Kynthia,Philliphs,
179dce47-8be7-4880-aaaf-46bd25d3cb65,13-8518436,08,Sax,Nealon,Armal,
ebaef46e-520c-45ea-b812-3c92627cedc3,18-0303230,01,Cahra,Anatollo,Redgrave,Anatollo Redgrave
d5231da1-1236-4c2d-abe0-4f7d47054904,55-6659808,09,Fawn,Theodoric,Langshaw,Theodoric Langshaw
17623d3c-c2ec-4941-89d2-fd50fa939029,83-9312413,04,Jemmie,Royal,Tytcomb,
c999f88a-ab37-4026-9f3c-e5718473cd81,82-5674066,02,Roosevelt,Esmaria,Francois,Esmaria Francois
8530af42-ec96-4a4d-9233-bdbb0c6ce4e3,19-7904724,02,Carver,Boony,Habeshaw,Boony Habeshaw
2ecca097-0c05-464f-b45b-5fd2f8462785,49-0733500,07,Tabina,Dieter,Brendeke,Dieter Brendeke
4fb439b1-20a5-4275-b8ba-1257ab4056f0,93-6014190,01,Hamid,Hammad,Gagen,
279855e9-beb9-45f9-abf8-04b6f8747234,15-1868765,03,Jessalin,Nahum,Kmieciak,Nahum Kmieciak
4ffbbba2-b9fb-40b3-89ca-a47b6cde6f91,40-6569509,09,Egan,Rheba,Sacks,Rheba Sacks
d511d343-e1d3-4257-bc71-ea7266b3b4a6,61-9348034,03,Silvano,Ethelbert,Eteen,Ethelbert Eteen
1544b354-96e9-4c39-8e60-450e5aed7d4a,85-5641385,03,Abdul,Fifine,Adamowitz,
be5f4dc6-e140-411a-87b9-4f716607932d,38-3599443,02,Basia,Lars,Wynn,Lars Wynn
4b7d8245-b141-4f4e-88e7-9318056e9488,54-1152713,03,Sergei,Clareta,Caldicott,Clareta Caldicott
3d7ae400-f51e-4f97-9827-b10a2f4f7412,20-1482136,01,James,Norine,Staniland,Norine Staniland
c402e492-c23c-45b0-9621-714d22a4b15e,42-9211122,01,Stu,Benedetto,Jaram,Benedetto Jaram
39ab8640-38c9-40a9-9f16-90dbca6f7d57,68-2615881,06,Heath,Archibald,Spillane,
1805fbdd-f8fb-4562-999b-104bf9f300d6,51-0667527,02,Clint,Nathaniel,Wilkowski,Nathaniel Wilkowski
2c16f91d-8386-4385-a8fc-0339b7f9fea2,67-9354179,09,Addie,Nicolas,Almak,
d5563d53-bd01-45f2-959d-bb05c276b5ff,37-6467790,01,Maddie,Lisette,Rowdell,Lisette Rowdell
ae683e05-a846-418d-a7e1-5690ff61d91a,40-3563618,01,Jesse,Florry,McNabb,Florry McNabb
78161b3e-3dd7-48ad-b6d0-a68758ccf524,65-1555934,09,Shandie,Theo,Romagosa,Theo Romagosa
4856d95e-fbf1-4ea7-89c2-cc9233fce987,01-3533879,05,Erma,Vail,Bastin,
f6b6a1cb-de70-44a6-84c2-6b7a20158034,86-3939599,01,Henka,Blaire,Cowlishaw,Blaire Cowlishaw
82fead32-42a5-4fac-af12-36ecd992e336,46-6398200,01,Hadleigh,Amalea,Baybutt,Amalea Baybutt
5eb8a399-b819-4ad3-9f96-6bb1b4a362b9,56-6117493,01,Danit,Edgardo,Kirvell,Edgardo Kirvell
d51baa53-3df0-4db7-855c-45dcb177273c,37-2504601,01,Laverne,Vaclav,Stanway,Vaclav Stanway
5fd29d6d-cf9f-4773-8422-09fb07e8440d,35-0064867,03,Stillman,Maryanne,Dilloway,
0dc2d475-ca32-490a-8ff5-cbc2e4685efd,19-6447595,02,Moises,Lucila,Jacquot,
5fe9fd31-ead7-408e-b9cd-dae4b76e28a0,77-1579527,03,Shadow,Ainsley,MattiCCI,
d8f45db2-de44-4dfb-a8c1-b601e520b699,91-0010471,01,Gabriel,Barbette,Sheeran,
1934964e-69a0-4f43-a0e8-4f0207332b57,82-5217958,09,Selinda,Germain,Vannah,Germain Vannah
8f3d8112-71e2-4b7f-b237-4dadbc46c952,94-5307289,06,Harwilll,Arlinda,Mellonby,Arlinda Mellonby
07623705-61c9-438a-ab37-cdd2f5483897,74-2953199,05,Celka,Cristian,Halso,
dabc802b-1057-4569-b2f9-7db8c83beb0c,45-5469659,06,Diane-marie,Leyla,Maher,
ad29c6c5-8c4a-4d1b-be0f-12a2e23278b7,54-0043490,01,Vasilis,Zacharie,Karlowicz,Zacharie Karlowicz
a7789a2c-c416-4a37-ad64-3f9688199d43,04-1517454,02,Bryn,Tanner,Vasyukov,Tanner Vasyukov
5d26f2c0-f2aa-42f5-a451-3757563ae54d,68-7963470,01,Chaddie,Hertha,Carradice,Hertha Carradice
cec59c07-655c-4530-b469-1d8c9dab5f2a,13-9662964,02,Betta,Adelheid,Conerding,Adelheid Conerding
522fb564-facf-4c98-a59b-f82ca1eaa377,59-5278358,09,Marje,Tades,Yeldon,
cf67445c-c432-44ff-a372-7288bb3b493e,38-4221767,09,Genny,Benny,Piel,Benny Piel
3ea21c8f-9d1f-4346-9a56-4b09e18b61c2,70-2686813,01,Juditha,Jayme,Oldfield-Cherry,Jayme Oldfield-Cherry
7167ceae-c2d2-4850-8ed4-c6aa1ea0df8d,08-1895025,05,Bobby,Lona,Bortoletti,Lona Bortoletti
75f3b1d3-82bd-4463-83a1-8482ef9895fc,64-9253277,04,Kiah,Ariela,Dilston,Ariela Dilston
04566b71-0a14-4fc2-90e6-3dc7b5bcac87,67-5143246,01,Humbert,Alastair,Alred,Alastair Alred
dc9e1502-165b-4692-9e76-5948336dfbb3,52-6989119,08,Travis,Iris,Svanetti,Iris Svanetti
45d28e79-8b99-4bfe-8214-7b20189125f0,62-8144122,01,Gottfried,Gabriello,Frankiss,Gabriello Frankiss
cb8e8fc8-f91d-4a01-9d9a-e659c1946b02,01-4324879,02,Bunni,Rebe,Knotton,Rebe Knotton
79756318-02c4-4c15-9bc7-7a86b4b17d77,71-5112065,04,Cordie,Lilah,Pardi,Lilah Pardi
0dd87e5a-0cca-4ceb-a18c-1030ad60286d,87-0420973,03,Lexis,Shawna,Heald,
0f949e3c-c173-4e9a-a425-b2cf6c772ac0,78-7981064,04,Sheila,Nita,Galvan,Nita Galvan
833492db-d538-4a78-a616-f6894bcd81ef,91-6240444,02,Trevar,Osgood,Eplate,
72204cab-2b7a-4920-8cde-8f6a56f3cb40,39-2685300,08,Eunice,Symon,Rusbridge,
1865aa44-b046-4053-8f52-91f3b9414f09,56-8519782,07,Winthrop,Marleah,Rowbottom,Marleah Rowbottom
918d97d4-55ad-4c8c-8c6c-fa243a411bc4,28-8675961,02,Keane,Griffith,Leetham,
243e7d9e-dd62-4fae-a5d8-403210247c4f,90-3652249,06,Gui,Harlie,Harlock,
566ef542-e1f0-4ad2-9250-3d1d026b04eb,54-3819056,01,Loy,Phaedra,Wigley,Phaedra Wigley
ef4a2f75-de24-4812-8c12-a8d8576108b1,02-8169723,04,Nina,Alisun,Redholes,
ab49d5c1-ef3a-4cd8-9c80-fe278bd16056,63-2185736,06,Jorry,Antone,Vaughn,Antone Vaughn
7477283d-2781-4d4e-85fd-33be0c79400a,74-1077112,01,Amerigo,Hakeem,Hardington,
47f8aedb-128e-4e74-b44c-9d5acc9cec5d,01-1795950,09,Karoly,Codi,Hullins,Codi Hullins
a67487c2-2374-4e01-8736-014642ccd4bd,95-2864205,01,Venus,Grantham,Toor,Grantham Toor
b24b3ac5-92bd-4cd5-955c-70e3b9fbef14,14-8888634,02,Read,Dolli,Buckie,Dolli Buckie
e0b49d14-778d-4639-a827-5ff420adea2c,47-6297103,08,Emmanuel,Rea,Golt,Rea Golt
56edf665-26c7-496e-8545-60433f1974a7,99-1692566,01,Maribel,Kathe,Mossom,Kathe Mossom
b754ec81-e875-4e4b-a483-6a6ca242de43,70-6915610,01,Mady,Tedman,Nixon,Tedman Nixon
1cf3d4df-b4b2-499f-84ab-2dac63156a8d,06-1261038,08,Adah,Myra,D'Ambrosi,Myra D'Ambrosi
41a52c9c-e5df-4e8a-b5ac-b21a8d1f9afd,01-9951493,09,Jackelyn,Coretta,Loton,
5c8274b3-262a-4ac2-9d7e-81496eb75508,85-0746704,08,Constantino,Jeniffer,Rapp,
9d87f7b4-9144-4dc0-b8b7-22fe3ca2abd2,52-4755511,09,Susana,Lindsay,Guilloneau,Lindsay Guilloneau
8c09dfff-6188-4c34-a98a-178c23b1f431,64-8149706,03,Sharia,Jareb,Gobbett,
d4a181ac-1ef6-450d-bfb0-1e599864b00c,11-0155038,08,Billi,Cathy,Benbow,Cathy Benbow
fbedb8dd-c4ec-4441-be0d-0ab1f4814a98,25-3990413,04,Bear,Fowler,Cecchetelli,Fowler Cecchetelli
8983fdd6-e050-4f0d-b43a-d3b719cac74d,46-2208666,06,Brok,Brocky,Wilden,Brocky Wilden
52663521-c22e-4bf1-90c8-499151b4aa3d,75-0334255,02,Nydia,Sammy,Beasley,Sammy Beasley
6c3f361b-1f01-4cc7-9d2a-d5590f444a79,51-1432293,09,Regina,Torey,Beagan,
eb089dc8-5abb-4286-9443-14ddc383d194,12-4070084,06,Gregory,Arnuad,Eakley,Arnuad Eakley
cb20660b-6a44-49b9-8b26-0e9f2c1e758f,93-4820261,01,Nikaniki,Marvin,Westmacott,
0ef41c36-7d5a-4945-9d60-4430c35462c4,95-1022276,05,Humberto,Neda,Bromby,Neda Bromby
95182d85-99f0-45a6-b6dc-1e196a010316,26-2082816,08,Kent,Benedicta,Delieu,Benedicta Delieu
761f6e72-9ab5-479c-b07a-67495bf4fab9,36-1743885,01,Yard,Regan,Guierre,
95d2718b-1a33-4783-addd-12b7abe6be83,56-3955276,08,Mendy,Starr,Bleasdale,Starr Bleasdale
48099f7a-a8f5-45ef-923d-646081d3f4f1,89-9353224,05,Judd,Rene,McIlvaney,Rene McIlvaney
64440ca4-c8e0-4879-b9d5-982d10b2c061,43-8619986,05,Clemmie,Cecilius,Killigrew,
ca62efb4-81ed-42b6-b69b-3a855f4874c7,05-1605680,08,Gideon,Manya,Haime,
826bea5b-e878-40e8-ab0a-e1f4a4cf0eef,77-0933439,05,Gabriella,Isis,Renish,
1800c05f-042b-4401-97c1-79ccc795e147,35-3070848,02,Sayers,Adara,Daine,
c660f5af-5e50-481e-90c6-ad73cea76f21,16-0624316,01,Regina,Reynolds,Purtell,Reynolds Purtell
fbda0e55-77c6-4805-9016-3bb1a636abd7,62-7319622,09,Janka,Pacorro,Stubbeley,Pacorro Stubbeley
d42954c2-a0e6-423d-bc9e-35a95734439c,10-7532649,07,Geoffrey,Hermina,Rouke,
65496363-6c2a-44ed-a25e-154995e82a2f,00-5530344,01,Emera,Llywellyn,Onion,Llywellyn Onion
b3b7acb2-2ca6-4e54-b390-2aeb0e9d189c,50-1413397,06,Lance,Brinna,Malecky,Brinna Malecky
ed74595c-fd19-46ba-b376-ea9ea211db1f,21-8379309,07,Ceciley,Dian,Heinl,
920c331d-2ff9-4fe6-8005-7cf6e4ee74be,25-2209844,04,Huntlee,Waylen,Mattheissen,Waylen Mattheissen
6d9a8eba-1c23-4c7f-be94-58b8390fff7c,65-9190102,04,Tiffie,Keenan,Ochterlony,Keenan Ochterlony
0cdc8dee-36d2-4b65-acf5-ba41c3040442,21-9420603,01,Clerc,Donia,Sharnock,Donia Sharnock
2c7bbc24-f1e0-4e74-8bec-7aebf6ac69d2,53-0990773,05,Floris,Ginny,Van Dijk,Ginny Van Dijk
6847543e-e28b-49f2-92a1-74ad5d3a3c94,51-2335323,01,Reider,Ianthe,Pascall,
1420a65a-6b50-452f-9397-b8f05f8aaf06,79-4064196,01,Fairleigh,Valli,Barney,Valli Barney
a6f527e4-de45-4c15-b200-be30f518b87a,38-2049093,02,Nona,Anna-diana,Torbett,Anna-diana Torbett
d3baa2b8-ff1b-427c-bec7-ca9880755ed3,23-0337551,02,Pryce,Halette,Udy,
18be8021-8b69-40ac-8127-4e93c380740b,13-1450715,04,Chancey,Raleigh,Raggatt,Raleigh Raggatt
b49d54ae-01c4-4106-ad09-b8b02bcc6bb4,94-6965719,09,Andrei,Colette,Goroni,Colette Goroni
0602f60f-ecab-41e8-b948-a7cb4b6b53e4,71-1070611,04,Gianni,Shandra,Belden,
d4b24e50-decd-4127-bce0-d59640afaac8,56-3104759,05,Aurthur,Waldo,Frarey,Waldo Frarey
56be974b-412c-4172-a858-7cdd4983ff1b,06-1373875,01,Ketti,Shem,Benditt,Shem Benditt
b574f9d8-b629-428f-bdab-84aa37650a5a,63-9646671,08,Jill,Oates,Belshaw,Oates Belshaw
081351dd-733f-4d84-bdcc-ef2d8b33cc0a,65-9102756,09,Davey,Leone,Walsham,
8f1233fa-1d41-4cca-912f-9d7e830b43b6,07-9064498,02,Isis,Joye,Sollis,
0ac32022-0d17-4149-ad12-603aff709eca,59-3465042,01,Falkner,Winston,Lidstone,Winston Lidstone
56b55848-b06d-4e78-a22d-887f648a383c,19-5226702,05,Sebastien,Hagen,Burgan,Hagen Burgan
46bc9595-3ecd-4576-a7cf-fe9a41b2501c,80-2634271,05,Neron,Riannon,Commucci,Riannon Commucci
4f47488b-0992-48c5-bc6f-fc34d6b6d2a6,73-0883393,01,Brant,Renee,MacKeig,
e2e0ba38-5fe8-4d83-bad3-020d7ae8fcd6,50-6190347,04,Felice,Nichole,Phythian,Nichole Phythian
ff1c993a-e8d2-413e-b11c-e965a4d3a38a,30-1716784,02,Kilian,Irena,Tourry,
6846056b-f640-4070-8b8d-c43965658678,18-4851121,04,Nelly,Keith,Lomen,Keith Lomen
2dda25ae-2036-4639-9c84-cd0c84fa4827,34-5634058,01,Wenona,Web,Antoszewski,
9b699bec-b64d-4be2-a353-8cba012fa885,10-5109153,01,Rudyard,Moyna,Rowan,
9b5dd8ef-3bcd-4f20-b180-3887b8afdff9,98-7691231,01,Em,Gabbie,Kimmins,Gabbie Kimmins
edc9e7e7-9cc0-49f9-b3af-905032bcb293,27-7737817,01,Alexine,Ezmeralda,Loeber,Ezmeralda Loeber
d46414e3-4d83-4902-a9c8-5d74f3965cd2,15-5411359,05,Olag,Fitz,Evison,
c824489a-b384-457c-9f2b-a7fb6c2f9ab0,86-2720197,04,Mozelle,Lenee,De Matteis,
be3bc7cf-261f-4eae-befe-b70fa73d9964,05-5018207,01,Tiffi,Morie,Ortes,Morie Ortes
1769c7d0-5b39-4abe-bb1b-312b31492dd6,14-8891672,07,Jarred,Rollo,Bridell,
f11c201d-a5fc-41e4-9d45-a0e851eaa289,43-0692770,05,Vere,Tucker,Lamprey,Tucker Lamprey
3e860b74-7078-4e1c-aeae-d79e9fbf0ea9,68-6123699,07,Emiline,Krystle,Shrive,
9c160c4a-6071-48a2-838f-265b7f7f4bd8,12-5364349,02,Nora,Jonis,McKirdy,Jonis McKirdy
ec909b22-8940-4640-a3a6-0816cf9c8821,27-9492898,06,Diarmid,Adrea,Werrilow,Adrea Werrilow
242704b7-c70c-41b2-bab5-dbc64311bffe,23-3894188,03,Othella,Irving,Fosse,Irving Fosse
2e140421-d63b-4bc8-b5a6-335dc6b7a520,02-5301197,06,Taddeo,Marvin,Greedier,
a19b6f6e-b04c-418c-ba44-0fe812a188df,57-5279997,01,Yurik,Read,Temby,Read Temby
5adba670-2a30-458a-bfe9-3297ab27dabc,74-8623624,07,Ricard,Coop,Fairfoull,
86277514-3d37-441e-9430-e90098f3089a,30-0904437,08,Alejandra,Aurlie,Beaney,
5ee0d94e-882b-41ad-8a92-60347295cffd,75-6957141,08,Dania,Wolfy,Klaus,
987525ef-ab59-4d0f-b7b3-cfc5cca1b384,02-1779633,09,Ermentrude,Aubrey,O'Canavan,Aubrey O'Canavan
fe6f4b13-140d-4842-896a-792461f92c04,02-6928873,03,Annalise,Helen,Grigolashvill,
ba42598d-498a-4498-94aa-50944d399cb5,29-3988012,01,Ty,Tremaine,Tolussi,
fd65b488-1f49-471e-9fba-d3b3317663bd,23-9851083,06,Sarita,Pamella,Coveley,Pamella Coveley
30cec226-982b-427e-8470-4d86485f25ce,80-6598640,04,Charmion,Candra,Redparth,
0543950b-f422-47b8-939a-4409252ca05a,64-2929997,02,Dwain,Nicolas,Conti,Nicolas Conti
1092ba37-6f50-4359-bda8-186e3f9264f8,78-2357677,01,Poppy,Julian,Leroux,
7001d523-e373-4b81-9500-1f81d1bac9a2,78-4933720,03,Andria,Merissa,McRobert,Merissa McRobert
fd86f4d9-3db1-45ad-978a-0ce5bda99401,26-2411864,02,Gay,Keely,Botting,
ccaef2ca-8396-4d75-b1a8-16ffcea9abb0,15-3872670,01,Nichole,Lazare,Sarfass,Lazare Sarfass
bdb624b9-5157-41f7-a096-8fcaa896c02b,51-0712638,09,Drucill,Bernard,Franklen,
1d8337bc-7b89-4937-a613-33ab9f5497d6,19-6500957,06,Claiborn,Sharline,Avrasin,Sharline Avrasin
8af02a18-d8e2-4d92-b387-9f76e40eba5a,08-8394608,01,Thornie,Pennie,Abdey,Pennie Abdey
ddb99a29-5301-41bb-876d-ce35a1eea0bf,42-0338696,02,Denyse,Henriette,De Freyne,Henriette De Freyne
c473caea-7dfb-43a7-8e56-548913559230,08-6052828,08,Oliviero,Edna,Hambleton,Edna Hambleton
10564d83-1584-4e67-81b5-14740f2e1bb6,10-6121614,07,Fulton,Mitch,Simonelli,Mitch Simonelli
4b307f72-46ad-48c1-9f71-1c0a2763e4fd,66-8523670,06,Elane,Janice,Vaillant,Janice Vaillant
202e0be5-f1fc-43b6-8e46-6b4293abb230,29-8824231,03,Elwyn,Elie,Iddy,
fd4f90e2-ebcb-484b-a6db-a18e3b2175cb,45-5001208,01,Fayth,Madelyn,Greedy,Madelyn Greedy
7609fbc1-c87a-4f25-86fa-93932e956e41,98-5575270,02,Ofella,Forester,Kollatsch,
b443fffa-b177-4809-ae3f-c4e0174eec1b,49-1607044,01,Lise,Katha,Sturton,
9c3b7a85-ed9e-451b-830b-123816c5ad0d,10-5718656,04,Lissi,Dom,Shoulders,Dom Shoulders
b5e75fa0-333f-4826-be11-73364dd2ccb1,14-0113722,03,Eddi,Cherise,Versey,Cherise Versey
4318d18e-c3ed-4767-a8df-6692b58fc850,62-7742065,06,Vi,Lodovico,Burchess,
8f8f5f72-eced-4b3b-824b-389160ab4b5d,83-2046933,04,Dinny,Michal,Scotchford,
a0ae6775-6536-4195-b9e2-a0825e4905b9,50-1792955,02,Antonetta,Pren,Pedron,
c38dfa48-81d0-4c30-b01b-d40a9868fab4,73-8706282,02,Alisander,Tarra,Bunt,Tarra Bunt
cb0b57b1-007b-4bb6-b6dc-6666df1b5dcd,74-5544720,05,Hunter,Daffi,Gerrey,Daffi Gerrey
dd752cb0-87f8-42e8-b295-60df3db8a25d,28-5055106,03,Trixy,Luciana,Standbrook,Luciana Standbrook
44c6dd29-568d-49b8-a400-b909098c6b09,99-6618357,04,Meagan,Brander,Bullen,
41e88485-e2e2-4166-a3f7-3e55fd4b8407,01-2568198,01,Fidelity,Eolanda,Plaster,Eolanda Plaster
40249b76-df2a-48ab-9d23-886596c35092,61-1257589,06,Cornall,Cecile,Dannatt,Cecile Dannatt
c2c5121f-5ade-4b75-8b8f-6f0823849d8f,86-8048847,09,Magdalene,Arni,Troy,
5ff198ed-0cc9-44b8-916a-799c74db6ace,48-8380930,03,Arron,Silvia,McKeeman,Silvia McKeeman
a23d22c8-9064-404f-bdfb-d3597a2d99c9,64-4975894,03,Odo,Jorry,Brashaw,
f7c1ce26-245d-4167-bd2a-362ed2ae6c24,96-4735099,07,Clyve,Fanni,Rex,Fanni Rex
21207bd1-8d39-41a4-b57e-2abfef998637,11-7640975,04,Jerrilyn,Hillyer,Clymer,Hillyer Clymer
d934cd3b-ebbf-4254-8f5f-a9046b4b009f,72-6599728,05,Jaquenetta,Mildrid,Lohoar,
ab4c55fc-5347-4038-aadb-5d1ea92f279a,17-8745987,01,Rayna,Ibby,Sorsbie,Ibby Sorsbie
95b0251b-65db-460a-8170-75fbcf5353d8,50-3943887,05,Lindsey,Pru,Vaines,Pru Vaines
996616f6-4b3c-4533-9e46-22fe297ad6e4,95-2817137,08,Ellene,Perice,Daniellot,Perice Daniellot
6ea3ddd2-3da8-4e63-8c55-a72f39c0714a,67-1472567,09,Amye,Kaitlyn,Covely,
6303b9e8-43cb-4040-bc41-b02ee7e7714d,16-7313808,04,Brandea,Elana,Readett,
215fe0c6-0368-4c9c-afd1-04b446221ff8,79-6029700,03,Idalina,Jessamyn,Heppenspall,
dcddd092-aec9-4f3c-91bf-6675e364f36e,77-2748808,05,Hope,Gunner,Filippyev,Gunner Filippyev
cb5ef9f8-70d4-4f18-b6a4-d836fb87b0be,50-0987634,01,Erl,Lars,Playfair,
a3c0cafb-6505-4892-b154-b2047665255d,04-2655523,02,Dotti,Adrianna,Mousley,Adrianna Mousley
1687c57a-5dd4-4c69-a607-59c2879d9e1c,45-5417101,06,Deirdre,Elana,Petel,Elana Petel
634de313-cdc2-41be-8e8a-fea0a11a39f9,16-4755196,01,Jo ann,Edik,Rattry,
988a1343-575e-467f-b969-93a366b47906,19-5871122,04,Tawnya,Tiena,Simononsky,
17421c46-3563-4072-9e64-115aded7917e,20-0679739,01,Lin,Phylis,Wastling,
da4c5e0a-bb9a-4e8a-a68b-d7b3ff2db6c2,67-3089211,07,Ollie,Danielle,Sitch,
1fc39e40-db51-4a6f-8a32-c7f5e45cce5b,36-6072135,01,Cary,Rene,Rosenzwig,
3f63118d-043c-4425-bf3a-ed36409634cb,34-5166346,09,Alica,Jacky,Larmor,
8635bd95-f4ff-416d-b6af-effa83f1bb13,99-2212984,08,Derek,Florella,Klein,
c3263caa-2852-4140-8510-1273c90a970b,78-6079606,06,Leandra,Velvet,Di Napoli,
2797f638-d9cd-4fec-a936-7c9d3e0f748c,43-9176779,09,Nicolle,Lexy,Forsbey,
90024064-7791-4751-a8a6-4698d56dd372,52-1856988,04,Tammara,Marris,Parzizek,
379db4b7-1a5d-42a3-94b9-9feb38ba9cd2,93-1705428,01,Grier,Sheba,Blunden,
69e88ed6-4c76-4e17-8e59-fc9aeb3c7de5,23-3157333,09,Axel,Elton,Prandy,
49174976-4f67-4c4a-9bad-5e4b9aa31673,92-9267646,04,Isadora,Morris,Darrington,Morris Darrington
c452cf42-62e2-46df-9ac5-3346b6e2302a,08-4043284,05,Fae,Basilius,Larcombe,
d4393be2-f659-4e03-ade8-ec130092e734,16-2851366,09,Willetta,Stanley,Garretson,
784da440-2a2c-4ab6-b60c-f6c6aeda552e,45-1258300,02,Bernardina,Elspeth,Dossetter,
3115bf39-df48-4f73-b323-9594da0708a3,08-4424114,06,Mirabel,Corinna,Durrant,Corinna Durrant
7e52f963-b71c-4dc2-b317-10da77e5e065,34-1786265,03,Kerr,Ilse,Kinneir,
4f07b793-b022-42bf-b958-48b30433ebe4,73-5070489,07,Irma,Siegfried,Toma,
0666e6d5-6dc4-40a2-bd7e-9da7787fae07,90-7307058,01,Onofredo,Kessia,Diment,Kessia Diment
283572e3-723d-4e9e-8fe1-7568a15858b1,68-1401216,01,Ellery,Madelena,Le Friec,
ee5866b3-bac3-485b-8b6b-c23c71c30f2f,53-3772273,08,Inna,Serene,Inston,
ed769d27-046a-4cd0-8f4e-bf94b627725a,64-0321232,04,Tommie,Elston,Servis,
cf24eb83-5e34-481a-bf63-4877fb507e28,07-9719629,07,Marilee,Cynthea,Cridlan,
13969334-8269-4378-a9b0-82a8cb3ef01f,22-3069959,06,Zarah,Gwendolin,Helin,Gwendolin Helin
54f13cdc-7d28-41bf-9218-f2b36c90d8cd,44-5059330,08,Willy,Niki,Pimerick,Niki Pimerick
628f519a-9acb-4c3f-8b6c-c9408c89c318,04-2812352,04,Adan,Horatius,Hadland,Horatius Hadland
c230fa95-ed2d-467d-b2c9-15b4279e5a86,15-3807096,01,Maddie,Dru,Calderon,Dru Calderon
d89cd48f-9035-46a0-8745-e5713d4d783b,05-6706359,05,Verla,Cullen,Lannin,Cullen Lannin
2194a495-3bca-479e-9f7c-baf6555a9af0,53-8686196,02,Ag,Garrett,Waye,
58c471ab-345a-4e1c-97fe-be25ba4370d4,53-3825597,09,Winona,Glen,Wickerson,
95a37688-a289-4880-a3b5-b16e20d6411d,94-5440698,05,Ebenezer,Mandy,Murdie,
9759e53e-1d3e-4064-9d28-bcfcb05ddc77,60-5804520,01,Flinn,Tana,Slowey,Tana Slowey
db9ce852-cba8-4490-b8cb-360b8921c992,91-2339687,05,Guthrie,Bernarr,Orwin,Bernarr Orwin
62fed33a-e0d9-4760-b60f-3c1aff46af1e,29-9069238,03,Tanya,Danica,Highman,
77a541b2-6b68-4a29-8bfc-2566b46e7379,22-6069419,01,Daria,Hillery,Godlip,Hillery Godlip
48778c75-7f70-4bec-a2aa-bd0b08ffee48,44-6666645,01,Guillermo,Hillard,Kleinhaus,
6f0096ca-1d11-4795-87ba-5174609cd483,65-7570120,05,Teresa,Theresita,Oventon,
55dd0091-7e41-47dd-8179-fb692855ae98,22-0198538,02,Bartholomeo,Dulci,Signe,Dulci Signe
67ecfde4-1d50-4190-bb1c-078eff0c7059,52-5668098,04,Alberik,Arly,Dudbridge,
6c75f0b4-4897-4442-93f5-98c51038772f,07-9148670,04,Laurel,Norbie,Loveitt,Norbie Loveitt
e0d38542-6ef4-4b78-9cdc-5c1d8d9a0f2d,41-3591544,08,Cole,Veradis,Pellitt,Veradis Pellitt
bf5321bf-a25e-43a7-a29a-60720d80098f,93-3328254,04,Addison,Sheeree,Manhare,
56b8d641-0a4e-4a24-8612-267db11f7a3c,70-5431779,06,Mattie,Mead,Bendixen,Mead Bendixen
5a37620a-bd6c-433a-a36f-0d8b69681c8a,56-2061441,08,Goldia,Torie,Seakings,
f123eb1c-e7e7-4f86-8abd-0e4ea8004f79,50-0015268,07,Malissa,Desmond,Habbert,Desmond Habbert
3905c573-ef3f-4e83-80fc-69f21788bd7c,91-3348564,01,Hew,Ilyssa,Shackelton,Ilyssa Shackelton
2a38ecd7-28fb-4e92-8aeb-2e66d6acbd8e,09-3382826,02,Gayla,Margette,Renzullo,Margette Renzullo
614d4839-4ff2-438f-84be-6871ed79626f,08-0602736,03,Emilie,Alexio,Breagan,
69dcfbcb-5834-4426-9c1b-1e558721439d,95-3556555,06,Cordy,Catarina,Emblin,Catarina Emblin
3bbccffe-64a9-472c-a777-b40bfe919e74,62-7486018,01,Vivyanne,Loralyn,Musso,
c7fc561c-5702-449f-b0f0-7fb8e531c58d,04-0860164,08,Tammy,Raeann,Newburn,
94380c4f-e224-4536-81c8-d3152baea091,62-5348813,05,Melisandra,Lexi,Blenkin,Lexi Blenkin
fb8a9d1c-9f57-4433-9448-c81ae639232d,60-5419521,01,Alicia,Ferris,Gateley,Ferris Gateley
78a44019-a23e-47e1-9910-55ef948a6bba,38-1909013,03,Genni,Alano,Humburton,
da17e59a-089c-4600-ba9b-3ae4e3363294,33-0582356,01,Ardeen,Moishe,Andriessen,Moishe Andriessen
6b365568-819d-4a32-8014-730e08cc2f26,53-7248077,09,Maddi,Heath,Gostage,Heath Gostage
23164d93-222c-4f5a-bb60-811a1b47d066,29-6183769,03,Adore,Micaela,Francesch,Micaela Francesch
494ff4b1-e842-4502-a0bb-53d07700337c,63-4918698,08,Carver,Cassaundra,Mussington,
b8ef3d39-887e-4fb3-9da0-8efc75606eeb,76-7754037,08,Janie,Natalya,Gregolin,Natalya Gregolin
e5edd241-dcbd-4109-a239-db4e371c6168,00-3562120,05,Etty,Cordelia,Jayume,
eb721f03-4949-4a8e-9cd9-9999c3319844,08-6159295,01,Siusan,Moll,Dungate,Moll Dungate
56c25b29-c76c-4f36-914f-92d00802fca0,75-1624900,07,Kara,Felicio,Gentery,
e756beba-c7d8-49ff-a904-ad2f3765c23b,47-8350111,08,Alain,Steffi,Lambrecht,Steffi Lambrecht
dc618a01-3701-42b5-813d-843ce1c160bf,99-6151813,09,Cissiee,Dolly,Chesnay,Dolly Chesnay
220c9dbe-70aa-4640-bacc-4b7717752665,19-4540111,01,Griff,Leelah,Border,
444a3fbf-d3dd-4750-90cb-598acf27384e,66-8932056,05,Matteo,Kaja,Pyburn,
d2897afe-e006-4dbc-b1f2-346a4579c8b3,35-7722387,02,Eugine,Aveline,Leabeater,Aveline Leabeater
0b7eef48-fd9b-4899-a38c-c09119f586fb,93-2495761,06,Gilbertina,Kingston,Boseley,
f8203748-d528-4d51-83d1-3d6960ecd73f,18-3238387,02,Gard,Gilburt,Saxon,Gilburt Saxon
83f9b934-b6b9-411c-b895-dbe8623fe812,19-7763605,07,Valida,Brittani,Teague,Brittani Teague
b60ebd37-1837-41d6-8f1b-4ee929e8fbd0,92-3869926,06,Nadeen,Keri,Yeatman,
2adea7f1-b1cc-4985-871a-638f98889004,09-2907730,06,Willard,Keene,Tibols,Keene Tibols
60eba1c6-bc61-4eb5-a024-9cffbc0ec765,69-5584936,04,Fransisco,Meris,Crews,Meris Crews
74add9fd-3b5c-4e52-90ef-e7b04248a1f0,79-6456393,07,Eachelle,Page,Drysdall,
b7dc50f2-3a42-4eb1-99f5-e6b94eea22f1,31-2804396,03,Charleen,Maurits,Kores,
6339a70a-96e6-4409-a957-1b727bd36043,48-6602553,09,Dane,Walden,Merwede,Walden Merwede
e745f52d-9711-4205-ad09-85edd892ce01,99-9916606,03,Austin,Timmie,Penhearow,Timmie Penhearow
4a7f5ddf-04b5-452b-8c35-c8ab347180e2,20-7812296,01,Angel,Humfrid,Santorini,Humfrid Santorini
31327bc4-35d1-4fa5-890a-3c50576be4ff,32-6170403,09,Callie,Ediva,Vassbender,
a9ae46e4-e11a-4462-b567-faee3060b46b,05-3691282,01,Rochette,Chrissie,Sketchley,
189eda32-fa5b-48e0-b1f1-1b71b2d73e2c,20-1942225,04,Sholom,Marissa,Cranstone,
731b0b88-87b9-4afe-9624-5079a0d2ca81,91-6040183,01,Rabbi,Marcellus,Cordaroy,
879b18a5-3304-40c7-af5c-d64a67236de8,96-4881596,05,Jorry,Louis,Sattin,
b29991fc-dfda-4715-a065-35170fbf8021,86-4154659,06,Cara,Madeline,Cerro,Madeline Cerro
ec1969ce-7f42-4555-b836-4b934f2daca3,16-3758736,01,Kimmie,Neel,MacTague,Neel MacTague
a984960b-85cf-45d9-84b3-42c322300f37,13-8584934,06,Oates,Sutton,Lello,
95477cf1-bec1-433f-8962-29b4cb91c271,62-9075306,01,Vail,Orelle,Nussey,Orelle Nussey
176a74c7-6501-42b8-89ae-1eb7c7f13075,99-6943971,08,Dana,Noelyn,Foskew,
ae8859b2-6ef7-434c-baf6-483c6f813346,82-3172967,09,Reginald,Alexina,Vasic,Alexina Vasic
4ea38c0b-92e1-4543-9dc8-5d26221071a7,23-7480814,08,Kitty,Hana,Kliesl,
249a079f-b4d3-49cd-bb4f-c15328a778aa,19-1707279,03,Aubine,Lulu,Leopard,Lulu Leopard
b351a83f-53cd-4c45-98d4-afd175860b50,45-8682861,05,Leta,Ebonee,Beacroft,
8c351462-5637-4eb2-b278-98887d3887a3,91-0077570,08,Worth,Byrann,Berg,
d40dac9e-77d9-4d09-9902-ca27527f8f6a,51-6448291,05,Mike,Mason,Ramalhete,
488df55e-6680-41f7-8dba-9f070c4681bf,08-5171624,01,Cathrine,Claudine,Powrie,Claudine Powrie
706d7d13-1fa9-4cb9-ac4f-6f677928a3c9,58-0900513,08,Ross,Simonne,Mazillius,
583abc7d-6cd6-4a33-9698-53257b279440,45-7047463,08,Colman,Becky,Diggle,
db83ab8c-2e52-43c9-906a-257fe097374e,01-0696646,01,Freida,Iver,Scotchmur,
1f410409-0a79-429d-bc8e-dab74ee75102,18-6475107,06,Austen,Blayne,Snoxill,Blayne Snoxill
b9c2bd80-ee8b-42c3-8f79-40305ae4a3f2,27-6634388,01,Andris,Jerry,Auletta,
a183b84a-088e-41c0-bcf0-4cd6d97024cb,38-8059221,09,Barbe,Maximo,Rattery,
c212e775-d27b-49e2-a489-eac1dbf64cef,97-1557240,01,Arte,Andros,Kemston,Andros Kemston
b863cea5-1013-481f-b3c4-1e6cffe228a8,06-7145599,07,Ellsworth,Bryna,Shilvock,
74a26fbf-79d4-443e-b1ff-1293eba741fd,06-7063962,01,Fredrick,Angelina,Hyland,
7aed1ab7-cdc0-4b26-b08e-aab88481d175,86-4866654,05,Ludvig,Gearalt,Bowditch,Gearalt Bowditch
f0f600d3-4a70-4c07-ade7-f4ce2608e95b,60-9854729,05,Nevil,Jaquelyn,Samwaye,Jaquelyn Samwaye
c749c481-b0fa-483a-9e60-32825cab36d8,75-0004836,03,Bernie,Normy,Groomebridge,
2cf9fffa-ae8f-4884-b675-b57b28429053,23-4144425,03,Chrisse,Moyra,Fullstone,
e5164860-5ced-4962-a57c-90d8741021f0,10-8542452,08,Ivor,Marybeth,Eriksson,
c7542406-99df-4777-9a48-16b71392b8d4,43-8557520,08,Elihu,Pamelina,MacLucais,
dc80ca86-9a1f-4adc-84c2-0d92bf41a28e,11-9813070,06,Eimile,Tull,Rew,
1008fdec-2d82-45c7-ab00-acdf03e55759,10-9492111,02,Demetrius,Zita,Arnson,
eb901344-5f81-48ff-9e68-2bab197068e3,15-9568857,01,Giorgio,Celisse,Vellacott,Celisse Vellacott
6f984c8e-9763-4f52-b8c9-34447abf15e0,45-2131704,01,Vicki,Kamilah,Walewski,Kamilah Walewski
80d88779-2722-495c-bd68-3a013f22beae,73-6586615,03,Camille,Calypso,Berthouloume,
fc8f518b-5a03-4aa3-8aa0-208be6a9e364,04-5379358,08,Cecile,Ashton,Faucherand,
20e54aea-a17f-437b-a9d7-30001ca77372,39-4823992,09,Carlene,Fenelia,Ounsworth,Fenelia Ounsworth
d5c5ac43-4652-46d2-b5f4-11c0699b1b3b,56-9378857,06,Jolee,Janice,Angeau,
0d7c9e83-5adf-4859-89fc-478fa9d0632c,65-0872971,01,Artur,Maribeth,Braune,
d2b764f0-cefb-487e-a9c6-1cda9935b268,98-1147218,07,Alvinia,Lev,Maylin,Lev Maylin
d95c02b5-1a2a-4200-aabf-5d455291e85f,90-8452078,01,Ravid,Kirbie,Stanbury,Kirbie Stanbury
6f780d74-1876-48e7-872f-8b57bf401199,09-2410786,02,Sybil,Veradis,Verdun,
1fb71582-cf08-4e5c-9880-4ad95cde77ff,41-4862464,01,Farah,Angy,Di Biasi,
79682746-a450-4df8-8ba6-8d1ccecc74b1,95-4230428,09,Jenn,Symon,Van De Cappelle,
ebe2e5e0-182d-433e-ae23-db1d42da7e4e,28-9519428,08,Lanette,Patrizia,Musterd,
b784a73e-e756-4a2a-821a-8055fa11d1e2,63-9730058,01,Gifford,Delmer,Arnley,Delmer Arnley
ba81797a-ab92-4eef-9869-a4e5d3d10b2a,83-8774639,07,Caresa,Ring,Grellier,
242a152e-9f51-46f0-8853-c877df86d3ed,37-3246651,08,Gusta,Rutledge,MacEnelly,Rutledge MacEnelly
4a1232d4-11a0-495e-9a95-3e08b73f3c17,76-1749838,08,Connie,Martynne,Simnor,
0c4e4e04-4159-4cdd-b197-237a064f8922,83-6441074,07,Marlo,Meghann,Dawley,Meghann Dawley
2e5d90f9-e84c-4f62-9a3b-726f1753c139,34-9190048,06,Porter,Nona,Bradick,Nona Bradick
0a51eb08-e101-4413-a83b-1562a5e13071,46-6975472,01,Sarina,Virgina,Pooly,Virgina Pooly
1adb72b0-5ac8-4233-b300-1091d1d1007c,10-1174743,04,Nev,Burlie,McCaig,
4e210016-2034-479f-9cb8-b3e1298acd1c,44-2799662,07,Bernetta,Blancha,Pietruszka,
77c9e46c-6a6c-480b-a579-d69c8d868f39,33-3090922,09,Devon,Janice,Abramamov,
4d68d1b2-eab1-49ee-ad6f-84ecee595c6c,03-7902529,01,Robbie,Bo,Cohalan,Bo Cohalan
427eb508-d968-4404-8aa0-334a45174ce2,90-4527457,05,Ben,Alvina,Greggor,Alvina Greggor
dbb533b3-69c6-4c03-a797-c44b9d9ad5d3,98-2554613,03,Elisabet,Katharyn,Bozier,
37ae7c5a-35ff-422a-9af7-4fd74b036ff7,89-8634236,02,Torrey,Lindsey,Theodoris,Lindsey Theodoris
0ee3147c-18f9-49de-9d2d-002e59764f17,17-1894526,05,Paulette,Allayne,Flett,
c3f682ac-e1e7-41e9-a2b7-27c8b2df90b9,03-7862642,09,Kristopher,Gertie,Dullaghan,
ca39e426-4f79-42ff-9a95-a5d9de53f421,46-2436669,01,Mordy,Rory,Emberton,
9d6f0af3-9b38-43bf-bd45-91b34f075921,40-1787001,08,Starlene,Eddie,Jonczyk,Eddie Jonczyk
364692cf-87b7-48f6-b1bd-6352a5325d5a,93-5592732,03,Annnora,Arvin,Bestiman,Arvin Bestiman
b2542e02-c87a-4f2f-b7f3-ff26649abd1e,52-6606615,09,Augy,Meridith,Graham,Meridith Graham
307a425b-0b46-4615-95a3-ec3ac51ca23f,58-2043875,07,Carleen,Olivier,Grier,
1214cb69-0cdb-4b13-9abf-556006512334,81-6969680,08,Germaine,Sonnie,Fleischer,Sonnie Fleischer
8f86056d-53b6-4738-b241-b33523f8e596,94-3085432,02,Em,Haley,Keese,Haley Keese
e4c88577-5ce7-48d5-a5f3-ec6c8265c8b7,17-4616480,03,Jaime,Jocelyne,Brocket,Jocelyne Brocket
21215f81-24eb-4e96-a1b2-a0f65eb57fd7,07-2292080,04,Therine,Jaquelin,Breadon,
b857f88f-1dca-409e-b686-3420577a43bf,89-0509530,06,Agna,Amandi,Ajam,
61d3552e-491b-4d60-bba1-2f8cee358ca1,20-0905117,07,Fin,Louis,Brockley,
326bf2b4-5765-49ec-9b0e-af5e4d9cc37e,29-8691444,01,Allissa,Sanderson,Gaw,Sanderson Gaw
b8b8f85c-01de-4283-a1a5-11b2c773b6b7,80-2948449,07,Theresina,Noach,Gully,Noach Gully
a5b0d756-0092-4753-bb71-047a27f1a044,55-5896230,01,Ransell,Jaquenetta,Jordine,Jaquenetta Jordine
80ef1b91-cc1a-4a9d-b410-b48841d2d9d7,23-7221975,05,Julee,Kandy,Mac Giolla Pheadair,
2ebd080e-11e1-4b12-93e0-c8318c06fab5,86-3672171,07,Lowe,Kerrill,Fey,
be21bc8d-b8d3-4ee2-911f-f3392e212b34,45-1839560,05,Kimbell,Richart,De la Zenne,Richart De la Zenne
20f7b4ef-9307-4526-af8b-36efc4b22aef,61-8575269,01,Lewiss,Myrtia,Pear,
ff6c1a36-1471-4a1c-85fa-4de22c5d7148,89-2901700,07,Izak,Alfie,Darkin,Alfie Darkin
d20182c5-9c28-4ca6-87c2-8b63dcd9caeb,36-7378733,03,Claresta,Jourdan,Whyman,
bc73bdf7-b1e0-4c80-9d11-f0b1e8d42599,76-1499693,01,Jess,Ulberto,Radwell,
5f26ca90-04a2-4ef2-a6fd-fb6b5f692e3d,04-2092167,07,Meade,Easter,Etherington,Easter Etherington
3724060b-a790-4996-8d71-25a328b36800,67-5881294,01,Roddie,Aldon,Innerstone,Aldon Innerstone
c88e5608-2064-4408-8ff6-b3d91136df25,74-2819997,01,Boote,Buiron,Shalliker,
90f301c6-c17c-4158-b583-7b70a65a90c6,92-5810982,02,Lucais,Emmery,Lewtey,
33dc426b-b0a7-4c6a-b356-9aac2954932c,82-3485650,01,Gigi,Paxton,Arkley,
0329c770-4876-455a-a03d-90d16cbdbcd2,28-6028574,04,Auguste,Putnam,Chadburn,
60805f80-7a26-43d0-903a-2fdbaad45727,55-9834279,07,Kamillah,Cornie,Szepe,Cornie Szepe
6a84943b-c219-47cc-9f33-801d200ee8de,45-0139443,04,Nana,Darlleen,Benduhn,
2ddb0267-ad0e-4e23-9c25-935e8eab5ced,36-1366066,09,Jenna,Rennie,Knell,
f22a682f-afdf-4609-aaf0-e5e1c3d9c5b6,55-8615731,01,Yolanda,Etty,Conklin,
90440e67-56a4-4713-8582-24ccaf0a7671,82-8333586,08,Ruthann,Bronson,Zottoli,
17c2d4e5-b8d2-4f83-8856-1b11cb21b9c9,84-6013440,08,Osborne,Ellis,Bythway,Ellis Bythway
1faf5f48-e20a-4977-9acf-432ac0ecfe45,42-9271504,08,Jemmie,Sula,Dresche,
332f538a-0240-4164-bfac-884451d845ce,62-9363789,09,Stephi,Quint,Retchless,
2e7ed8bb-4cb3-42cf-95da-f0685ae5d8bb,82-1340330,01,Verene,Jeffrey,Ludlam,
75a2c4be-de73-416c-a8ac-c3e65ee6650a,71-7083335,09,Geordie,Lock,Downton,Lock Downton
e3b44b86-e36f-4145-9620-fb749ce0c2e3,98-2436020,04,Isabel,Cazzie,Gaitley,
9fb5d284-2c51-40a7-ab10-b7ab133677b8,67-5443289,09,Griselda,Hyacinthia,Jouhan,Hyacinthia Jouhan
d6cedb5a-c67b-4c6d-be89-ce6682c846cf,07-5438880,02,Frieda,Hale,Bridell,
6a600238-ca07-428a-944c-d6e250b7ed9f,69-5344513,03,Tanney,Wilfrid,Delamaine,
d6b62c12-6b2c-426f-9584-b8b217ca472a,55-1297269,01,Jennee,Tory,Dregan,
e85d1e7d-7606-47b6-8835-c0d92e187476,30-2260222,02,Eydie,Ansell,O'Connolly,
b10499e0-9bbf-4b6f-be8b-1072c700b73e,90-2698222,06,Kent,Vikki,Clouston,Vikki Clouston
1c3e0ad7-3a15-4238-96ba-22626a0947b4,58-9674199,09,Merrie,Kiley,Wyeth,Kiley Wyeth
9aace054-d9cf-4899-9342-d3630228f2f9,95-7154168,01,Marty,Asia,Keijser,
9ccfcd76-d1eb-4cea-b68a-adeeab132fe3,09-8811917,01,Elna,Fairfax,Southers,
91cf47b9-68a0-4794-b54d-b4c386982ae3,92-4952857,06,Lucretia,Caldwell,McKelvie,
9780311f-2853-4ec4-9259-8fbdf4ecbcca,86-7070530,05,Elisha,Yorker,Lanney,Yorker Lanney
474d8ab1-d57c-4d1c-bcb0-cab5d4399da2,52-9696101,01,Christiane,Zerk,Elvy,Zerk Elvy
331eb193-511f-4053-b2fb-a6abb2092442,15-5403065,02,Pietra,Raeann,Prest,Raeann Prest
dda45ab4-c501-44f5-a393-79ab6db7f86e,11-3019906,03,Shandy,Johna,Ciobutaro,Johna Ciobutaro
28ab1ec6-35d2-4b7f-ab41-8b59538278a3,52-6428082,01,Sheila,Selma,Deppe,Selma Deppe
bb1afb72-9197-47a4-add6-84b2923b71f8,68-5348755,07,Margie,Cherianne,Stronack,Cherianne Stronack
f09f7faa-a2d6-409d-b392-81f7d4d274d7,84-7421705,09,Stillman,Zorana,Giuron,Zorana Giuron
c356199b-8813-46f2-abc7-db3353226de8,62-2100458,05,Tabbie,Blakelee,Cain,Blakelee Cain
c8062527-6e09-4c66-bf36-828bdef283e6,15-5355688,06,Ricardo,Englebert,Bossel,Englebert Bossel
03f13a9b-48c9-4110-984a-05d6c6e671bb,08-5070643,04,Freddi,Sergio,Ewert,Sergio Ewert
7d595d03-3fa7-422c-9dad-86446aff51d8,88-2576282,02,Belva,Kahlil,Kasher,
92f3aaa9-65bf-4972-a11e-fef517aeaa7e,19-3118270,01,Niles,Melvin,Tolussi,Melvin Tolussi
cac4bc79-aa89-49a7-ae69-6b6d7c9afd1f,16-8771595,03,Booth,Saidee,Swindell,Saidee Swindell
607dcce0-7db8-40d4-a3c6-5fbbf8f24c64,21-2211617,06,Blondy,Dix,Longfut,
3dbc8df5-501e-4738-99ec-b1749c9201a3,04-4337828,05,Annis,Del,Nortcliffe,
bf18094e-8036-4559-8924-1e76f2e025b5,39-3349286,01,Kamila,Linnie,Bestall,Linnie Bestall
87ed2933-01c7-412b-907f-5826111dfbe9,17-0179994,06,Darlene,Theressa,Praundl,
563af2a3-9c42-4908-bb72-2ed02e73f386,88-3524301,04,Annmaria,Vivian,Fossord,
bc6291a3-2926-497d-bb19-96d6989eca34,64-1485118,04,Blayne,Anneliese,Le Gall,Anneliese Le Gall
e3563de9-341a-4db9-b32c-c4ae679b021c,34-5225202,01,Brandy,Minda,Keats,
87123f5a-942b-474a-976a-09f7de74adc5,79-8018993,01,Elianora,Flin,Beatty,
a6811abe-e4e0-4f6d-ab88-4d50fa5eec7b,82-9652208,01,Chrysler,Loree,Errichiello,Loree Errichiello
52d28655-a8d0-43e5-86ba-fde938bf649f,44-1017072,01,Isador,Bev,Earwaker,
023fc089-7d38-4c06-8d4c-45eee54871d2,98-3808087,03,Stephi,Normie,Jeratt,Normie Jeratt
987ddf70-7317-4746-8e52-7ff4be1ac5e6,77-8595733,03,Fabian,Pansy,Minchinton,
10e44687-68a0-436f-b21b-e7b50c48fdfb,73-7277865,01,Evyn,Karalynn,Gard,
790a8022-88c4-4819-955b-cef24bed3cfc,42-4977088,04,Yehudit,Alta,Betz,
8ced157a-1d08-45be-adfa-3b3a29492b9c,60-8157889,01,Keene,Steward,MacCahee,Steward MacCahee
df9a1a6e-74d6-4f24-86db-02ead1da2825,37-3954022,01,Sigismundo,Gib,Childe,Gib Childe
06b38d17-69e9-4819-acd9-1fd81a0885b6,15-1554709,03,Conni,Dulce,Rycroft,
94f65f5d-82dd-44fe-b906-588b3bbb7d49,66-9097067,09,Karine,Franny,Rhoades,Franny Rhoades
3c93392a-74fa-4d4f-8771-de76b4c2fe61,91-8432061,07,Stanly,Bartholomew,McKellen,
9b6e5f3f-88c9-4b3a-b6d4-4bd9b7bffc76,65-4276259,05,Helene,Ronny,Bartolini,Ronny Bartolini
f95567c3-b02d-4242-b5ba-15ba32a8ceb0,27-7454854,05,Quincey,Paulita,Nardi,
818a699a-9860-4c80-9570-2fa63e22f93d,43-2699495,04,Roldan,Henrieta,Iacovino,
1fcadb7b-53d8-4640-b84c-7549acd04acd,63-4805034,03,Lacie,Valli,Wilmington,Valli Wilmington
2ff706c0-1a5a-4def-9181-337433067920,65-4687321,02,Lanae,Borg,Wyeth,Borg Wyeth
25bb03a5-1f3c-4bc0-8c59-c2a50956904c,50-5529020,06,Fabe,Carolyne,Kemmish,Carolyne Kemmish
53975556-3ce1-474b-b915-337484c58c44,43-8206380,05,Gisella,Vicki,McRill,
a6f5aeb6-3c37-416c-9794-c7dd7192323c,85-0368408,04,Rolph,Reube,Gronauer,
094f52f3-8d35-4b3b-955f-934933c155ce,50-6983855,01,Reamonn,Roberto,Neal,
4e3fe05b-8889-45f2-b162-b17cb39d01d2,51-2024476,08,Fredericka,Piper,Fockes,Piper Fockes
c079c386-9c22-4aec-8e5b-8330e77814dc,56-3339762,02,Justus,Sonny,Ruppert,Sonny Ruppert
0cc8e08c-5055-4f7a-996b-4ba4ab335304,53-7513400,07,Shaine,Ira,Gibling,
31417df3-d304-4b64-9322-9891cd74c34f,60-0687703,01,Carson,Olin,Rosier,Olin Rosier
da4af627-408c-4aca-be07-0bdd08fdebd5,05-7436361,03,Shem,Collen,Dunderdale,
a0d0e219-b53f-490c-812d-8b5a1f62d9ba,10-3410147,07,Veradis,Renaldo,Decayette,
fa97a1ea-7f6f-49e4-9d8f-7e7a3f9cbd10,44-9785209,08,Englebert,Barn,Karpychev,
77a8d058-1d0c-43d8-9874-a3eecb39e640,16-1909984,08,Xylia,Martita,Ticic,Martita Ticic
099ae8c8-1919-4584-b5d6-ff509f99647d,41-2800830,01,Fredelia,Selestina,Moreside,Selestina Moreside
790110e5-854a-41fe-8bde-8b068afd0670,23-1661085,06,Darryl,Valery,Shoebridge,
acb08b94-e3a9-47e3-a03c-ac68f2bbed31,00-2562397,08,Lulita,Augy,McFadden,Augy McFadden
4166596e-5299-4835-8b9b-033377fc62eb,63-6603232,08,Lavina,Edgar,Sanger,
b1f28e91-01a0-47fb-9101-f49c0d10368b,24-1539800,05,Zonda,Mahalia,Briddle,
e8671cdf-44f1-4c96-b955-59672cc08da2,41-1319097,04,Neils,Lisette,Trenaman,
c328fb86-73a2-46d7-a72f-9ebcdf5070a9,03-9949648,07,Maxine,Tomlin,Flew,
65a87a33-11e7-4d32-9155-73e8a7588164,22-7804476,05,Britney,Ingrid,Chipchase,Ingrid Chipchase
ac2222d3-16f3-4492-85ce-15cbebb07bda,37-5510989,04,Marcellus,Jania,Ceillier,Jania Ceillier
e68a8cee-ad38-42c8-9255-a10c4f8cd85d,05-8214236,07,Legra,Farley,Begg,
1f7c6788-6636-44c5-8791-81bf977c0acd,50-2109049,04,Manuel,Collete,McGlynn,
fa185e76-0b10-42d5-b6f5-a0e623fc7b34,98-8214793,09,Julietta,Tully,Batchelar,
60e5ec15-174e-4da1-904d-b8e9387633ec,13-8414685,01,Amii,Case,Hargey,Case Hargey
a0a88296-688f-4214-b72d-25ec9aa3c860,18-0239402,04,Binky,Richmound,Epinoy,Richmound Epinoy
500a98c9-ed92-4368-80c9-159fd3e652c7,93-8795179,01,Roch,Barbabra,Saturley,Barbabra Saturley
772a4233-f701-4ae3-b649-4e0ac37e0f1d,71-8450207,02,Harwell,Saba,Knifton,
130404b5-596b-4807-a19c-fff0bc62ae67,48-2532468,01,Kylynn,Andres,Jacks,Andres Jacks
d82a9df0-6fdf-4011-aee3-1bd104184e49,92-5396900,03,Wernher,Alvy,Olufsen,Alvy Olufsen
b63a8dad-162a-430b-93eb-7991222b6881,79-9568046,07,Kassandra,Mohandis,Cordery,Mohandis Cordery
69e4397e-7933-449b-8393-3baffc8db137,70-2634207,04,Nissy,Kelsi,Hardbattle,
7532db67-6f19-4d9d-a050-ff3701e2381c,68-4999843,01,Alvera,Chalmers,Barosch,Chalmers Barosch
dfeddde6-fb73-403f-8249-c48068cada34,20-7713316,01,Gawain,Padriac,Callan,Padriac Callan
30dc2813-4087-4dc3-8259-b7389aa0c351,11-7731081,03,Constantia,Jan,Featherstonhalgh,Jan Featherstonhalgh
41e35427-b7a2-498a-ba3b-2ce8f7e050bb,33-4604740,07,Mart,Delaney,Wadworth,
c540da82-2823-4ce7-a7f9-a7eafa2e879e,56-4299576,07,Alisha,Monique,Blofeld,Monique Blofeld
797fc832-b077-4e1d-93e7-a4e435465e30,38-5420499,07,Katey,Erina,MacClay,Erina MacClay
c06c44c9-ba0d-4880-b56a-93de11561935,13-6748326,06,Allyson,Ric,Dubery,
066cabe6-8c40-4dce-9a2e-ac21e1a1a4dc,40-7501609,09,Joshia,Kingsly,Sterrick,
4b6ea7a5-26ac-4867-822f-e4ec8a1638d8,15-6402730,05,Ileana,Wendeline,Shawdforth,
8dda8c7a-d998-48b6-85a2-24fbd78dbe48,33-3898253,08,Adela,Aimil,Measures,
625a0b45-429a-428b-8b1a-d99b35436e86,92-6932062,04,Sada,Norean,Purcell,Norean Purcell
0c289124-adc0-43fe-ac3f-023921f9a708,10-3428273,01,Rebekah,Georgia,McMurray,
64bcdfd3-5910-4e12-962d-9885ed990def,09-8536350,02,Kissiah,Skippy,Balstone,
d9ad6a67-88a2-4322-8fb4-98dce307fa77,78-2141425,02,Obidiah,Ekaterina,Bradborne,
6010e8eb-fa7e-459e-9c21-0c3c38eee86b,35-5923880,08,Isa,Romy,Goare,Romy Goare
8fd448ff-fd8d-4a0b-b831-0fcda3ef465b,33-1984240,09,Alexandro,Diandra,Vize,Diandra Vize
e453788b-e0aa-4d4d-ba15-f64b992df1be,34-4282452,01,Gabey,Lavena,Baulch,
7933fd35-cf4c-4c60-87a9-295c94cca7db,34-9355069,04,Dixie,Ashlan,Burds,
3e591cd9-e192-4a5c-a636-ce94cc38b72c,98-4571014,01,Benny,Torie,Lyston,
2b0a5eb3-9841-4532-9098-8c9d86810e33,89-7716821,03,Sula,Cory,Sudran,Cory Sudran
04a89783-8c59-4079-bec1-74f5451e3d49,80-2714129,03,Krisha,Dulcie,Walcot,Dulcie Walcot
7cb498f0-3f1a-4bed-9996-e34f56f4fe55,46-9758475,01,Natale,Marje,Kneafsey,Marje Kneafsey
08f4e17c-c3ec-45b4-b4a7-4440c7b5609f,77-2474743,09,Jobey,Meggi,Stubbley,Meggi Stubbley
524f3225-c2da-4644-8bc2-44743eb87a2c,33-3093229,01,Rhody,Cello,Dy,Cello Dy
214e2d2a-eb67-49ec-a425-7c8d82fa1d57,63-4966562,04,Cesaro,Court,Culbert,
9da4db8b-bbae-4b35-a35d-031bdf240d7c,71-9995123,02,Lucy,Felicia,MacArthur,
2cfe1fe8-76bb-4afe-a660-9179ff2bf3da,86-3377310,03,Antoinette,Ilsa,Hullin,
5165c74d-db4b-4d2e-8e1b-76f0ba2f3f61,13-3867829,03,Bailie,Arlette,Lamplough,
9b2d05ea-c37c-4b9f-8830-35d4c50f9ead,68-0913942,06,Aldus,Lucilia,Beeston,
cfe71b5c-5795-4e9c-b69e-f0393fea8f2b,28-0377189,08,Maxie,Gwyneth,Gyngyll,Gwyneth Gyngyll
a2813240-379f-4110-b0ec-cea3ef71e245,64-6590639,07,Benito,Fonz,O' Mara,
30a610b7-6381-4ff5-8d50-81056b9fb2bf,85-4771108,07,Viole,Renate,Janus,
b598347d-a600-4af2-ae0f-2027079579d4,57-7415230,06,Ambrose,Gunner,Cinavas,Gunner Cinavas
74008210-a1fb-43ae-8e8c-676e0c6d1cd8,80-3282772,08,Lucienne,Susy,Pavy,Susy Pavy
8d7d3e76-a24e-43b3-b84e-138dcf1431a5,52-2373522,01,Beverie,Abdul,Philipsen,Abdul Philipsen
8b8e845a-4943-40b1-a68a-aaae76b805a4,81-9215322,03,Nevsa,Rivy,Wallbrook,Rivy Wallbrook
5de1d09f-4bbe-4423-9a50-b108cfecab17,81-6107034,05,Roseanna,Freddie,Keling,Freddie Keling
5ac211c0-ee41-4a2f-9ce6-7027c8b9abce,99-1031677,09,Alphard,Gaven,Baglow,
616d75f0-9a59-4682-91b6-5d416a320fd6,16-7653904,08,Hebert,Bayard,Bonnyson,Bayard Bonnyson
5951adfc-69db-4122-af0b-842e609efe6a,69-7882757,01,Betsy,Fleming,Dimanche,
9de2be58-df43-46f8-9a7d-6643bc16a9fd,69-2688058,02,Eveline,Berrie,Moulder,
acf600b4-74fd-470a-8517-99918372ac6b,80-6059520,09,Harbert,Arabela,Manilow,
7ba0a960-7ef7-4b82-b22a-f97d00361c0b,49-6879321,08,Elnore,Garland,Itzkov,Garland Itzkov
317e5fe0-cc47-40df-a78e-3b501ec8138d,03-9044429,06,Gunilla,Maurizio,Thornton-Dewhirst,Maurizio Thornton-Dewhirst
d0451c2f-8513-4c6b-94c7-872c4ef19931,24-9313978,09,Lonni,Wynne,Hewins,
732bbfb6-e57c-4508-b44c-0b94d0b7bc69,18-8706264,04,Fernande,Joyous,Barkas,Joyous Barkas
7eea058a-afef-414a-974f-ba3820973f3e,74-3963712,09,Perry,Hillary,Vlasyuk,Hillary Vlasyuk
4c22d9df-840e-4e65-9dbf-a79cf64f0bc2,22-0482744,02,Onofredo,Clarisse,Minor,Clarisse Minor
d090bcf2-a58b-4156-add2-0430fa549040,16-8817598,05,Ronna,Adella,Mosedale,
926118a2-96ff-486d-b8e1-f7241ebb77e5,75-6274000,01,Gerome,Fay,Prophet,
98208673-87af-49bd-9926-2bdb4617dc05,46-4725320,01,Adrian,Shae,Large,Shae Large
b41e441d-9372-402a-8b23-e52aa919c014,87-4023082,09,Doy,Niels,Bavin,
9c23f030-2bdb-4cc6-98c1-0f292cb012e8,64-7739364,06,Tedman,Nady,Memory,Nady Memory
07022518-2c0e-414e-aefe-e8a9c4926fde,68-6247628,01,Perren,Geordie,McGaugan,Geordie McGaugan
494381e6-f6fb-4fd8-bd10-1fc085e0f879,66-2827375,08,Roseanne,Danita,Wycliff,
d56838c8-57b5-4b46-8d7a-40ca221cde53,06-9287073,04,Claudio,Delores,Fantham,Delores Fantham
a1397d7b-ccf0-4d7c-8b96-166f591caf9a,41-8344577,07,Lorant,Sebastian,Van Halen,
a30fa21c-d275-4f76-a4e1-1295a306ed28,03-6045869,01,Garek,Lilia,Newlands,
2f3566e1-6f73-44dc-95ef-663df50aa404,89-7411826,05,Laurent,Suzette,Lintill,
77f872eb-dfbc-423a-937d-fbecd523127c,73-4697957,03,Barde,Tamra,Krelle,Tamra Krelle
bdb9291a-2be8-4299-a443-5315075ec6df,25-3685894,02,August,Toddy,McGahey,
6814a872-68b4-4a11-ac99-d9d14378926c,44-6146758,08,Tilly,Cheslie,Kenningley,Cheslie Kenningley
255c1c85-90b4-4325-bf6c-a6a209d26025,68-6012762,05,Donalt,Austin,Croft,Austin Croft
be21746a-502d-4ce1-9643-2df88218c8dc,66-0261270,01,Linet,Felipa,Tremmil,
053a9738-0e75-45b9-94c9-e1e5d647b83c,42-0434346,04,Gunner,Hamlin,Fend,Hamlin Fend
098f4c6d-9018-4eeb-aaed-42be3545bfdd,00-8006248,07,Carlyle,Melody,Rudsdale,Melody Rudsdale
fd57f30a-5dd5-4ad5-ba46-0affda2aca60,76-5901646,09,Pietrek,Gui,Denisot,
db316f4d-dd0f-4703-a8a7-8b138fd8955c,60-6557401,01,Chaddy,Bowie,Demeter,Bowie Demeter
3e3a9e07-c39e-498d-a3a6-64aa52fab145,84-0542685,07,Christiano,Karlis,Mazonowicz,
179c4003-2880-48a6-bd2b-fb74a20bd031,12-3219801,02,Cecilla,Pammie,Crevy,
1a753d79-6573-4243-b9a7-fd62062565a7,46-8600352,06,Aggie,Noel,Suero,
959e72fb-1153-47a1-8f0c-526757cb3f3f,98-1886110,03,Bax,Sophi,Halloran,
c065ff47-a34f-4115-b673-d462e1817fad,40-7181052,09,Shay,Bernadette,Moysey,
3628b920-43e2-4b32-8575-3507be83a47d,13-2584997,06,Rolland,Orsa,Willgrass,
11df8310-b278-4f11-8fd8-463556500a3d,15-2420730,06,Maryrose,Katerine,MacCombe,Katerine MacCombe
b17fef22-1ef7-475d-a97c-a8efee225392,89-1881065,06,Jolyn,Brod,Stronge,Brod Stronge
0edf98a9-62d7-4dda-9327-b17b486e5591,23-4167245,09,Edsel,Dru,Ashingden,
c789cf59-9072-4ce9-8242-3cc4059d84ed,63-8833574,02,Esme,Fern,Rolstone,
de3c941c-3ee4-4c11-abf6-4f5a03620a38,70-5397283,03,Jordan,Cory,Plinck,
3b213e61-7c27-468a-ba65-e6159172c52c,50-3035086,06,Karalee,Jo-anne,Laste,
be10b1d1-2f43-4bcd-9823-e44d1941154c,00-5815331,03,Malena,Anette,Gavey,Anette Gavey
1d422962-d5ff-4e36-b40b-303cd6ec9abb,55-4048772,02,Ax,Sapphira,Targett,Sapphira Targett
e3e64269-2099-4315-98b1-8735d1e1329d,20-7670265,03,Ludwig,Adelheid,Pithcock,Adelheid Pithcock
9bb8e305-b461-4cb1-a440-fc7d1a728236,15-0047261,09,Lionello,Samuele,Barends,
684e0816-37ec-4820-b553-9da70f04f1ee,93-3329635,02,Lucy,Alexandre,Nanuccioi,Alexandre Nanuccioi
9bd76d41-1291-4a6e-8ea2-2fd94636656b,22-3476433,02,Mathilde,Nissie,McTerry,
80afdedd-c10e-4b53-a245-af275a82499a,15-7443850,07,Noby,Rolph,Rosenhaus,Rolph Rosenhaus
d1aeb4c8-19fe-45d0-b8c3-bd77fc58fa94,28-5674377,08,Alice,Hartwell,Lambswood,
e04e200e-2240-4604-9716-c6f7c3625e88,51-2743934,05,Jilleen,Myca,Crosbie,
a9deffb4-4449-4577-bfb8-d47644698687,63-7592630,04,Hiram,Horten,Ianilli,Horten Ianilli
dddca8f0-21a9-49f6-9428-90f9bbd334ee,74-7191726,07,Thornie,Justus,Smickle,
ff70d34b-ceb8-4816-a89b-e5646e0f7043,22-2207593,01,Galina,Tyson,Schwandermann,
08695a7f-4f96-4cc4-8d03-dacc764d3a63,53-8743102,01,Paxton,Dennie,Dumbare,Dennie Dumbare
3b98e8e0-a765-4266-951c-a51f33ca4fc2,42-1695813,03,Florance,Patrizio,Denyer,
4a54ad71-e07a-4bdb-8c9f-b328d464758e,18-7193527,05,Jessalin,Spense,Balling,Spense Balling
0d7ff9bd-4798-4b40-885d-c89bfad7a239,31-1701194,01,Timi,Georgine,Mellhuish,
8b674527-d1fd-4b68-a75c-38aa8e8eb998,00-4788947,01,Peyter,Ariela,Leopold,
5d0fac0f-be84-4c86-8d60-90cc92d34be6,50-2265846,05,Dani,Addy,Spacie,
89f4bea4-1ced-4a46-b4c1-ba39a8d2cc57,66-4281719,02,Nickey,Tandi,Blackman,
2545fb4e-34dc-43ee-b8a2-2c392e11f8a6,30-5285411,03,Granny,Diandra,Colbridge,
c65f489e-a1ce-423c-b70e-9a6a170e7cc9,37-5304935,05,Merna,Anne-marie,Pennells,
c5b8637e-bc79-4bbc-bf68-846bb3247e47,32-6914937,09,Kailey,Yolanda,Harvard,
b3c5255e-a465-4608-b2d8-9e010cdee236,23-2694537,01,Miles,Jelene,Sigart,
b418bcdb-f8a4-4591-92fe-2d0d937f1170,17-2525891,09,Vittoria,Hettie,Caselli,Hettie Caselli
3db0104c-6d79-4609-8f85-6cb1fea95512,20-1575813,06,Quintana,Drucy,Gosart,Drucy Gosart
9ba34761-1fe9-4592-93bc-b58e290f3f04,67-8083732,06,Otes,Ardella,Durbyn,Ardella Durbyn
893900d3-7511-41f4-bfd8-d8158cf7725c,85-2936473,01,Dre,Linet,Gomes,
862bd929-c6c8-46f2-a076-332bd5dc3958,86-2981131,08,Julian,Alwyn,Shorte,Alwyn Shorte
63821de4-1028-4fb5-94cb-da08f425107a,10-3473234,09,Denver,Ignazio,Howison,
f202d760-52b0-459e-b2ae-d81e1071c0b3,41-1207659,08,Stephi,Teddi,Hambrick,
4401cef4-deee-4dd5-8e0c-701659c8a0b6,47-1485018,04,Tybalt,Morey,Cave,
70a5fb6e-b036-44b9-8239-518a82f015cd,00-0881598,02,Josey,Karrah,Lockner,Karrah Lockner
7507dfc4-79f9-41b9-8333-3b6e33284eeb,27-8060846,01,Dale,Georgeta,Kirmond,
ec86d765-0520-4775-af88-da016323d468,39-9059895,01,Nikaniki,Cacilie,Sprason,Cacilie Sprason
6bacbef9-10fb-49dc-ab55-515888c8a57f,48-9403239,03,Edna,Dell,Troubridge,
94755769-1c75-4358-bbd2-395bf6a847de,35-7931343,01,Tally,Lane,Fever,Lane Fever
d9a9e383-b404-4b7b-8729-b419cdb1ff08,60-1522117,06,Hally,Cassy,Danielsohn,Cassy Danielsohn
17c70c9a-47e6-45e1-b1fa-9f490c091138,07-3027198,03,Courtnay,Jocelin,Janoschek,
5db5b041-4e4e-4eab-913f-0d458894c2cd,88-2814067,02,Alexandre,Shelby,Wiggington,
eb964a18-54b6-47bd-aefd-c1abd868a14a,03-3430297,06,Karlee,Hanson,Verbrugge,Hanson Verbrugge
fd88145c-e21a-4a6a-a5f4-2f39d8f3209c,18-9454753,04,Willis,Charline,Trail,
cf876f9e-33e3-45f0-bdc8-ff82bbdb4155,54-9033323,07,Cam,Caresse,Lodemann,
33af26b5-f3e2-407c-a75e-dfe73ee9aa84,49-0956594,01,Thorsten,Nell,Antonognoli,Nell Antonognoli
59c08614-5666-4d6d-988a-c7b3ffc9a71d,51-1437545,05,Lev,Andriana,Prisk,Andriana Prisk
85cdf4e0-a043-4990-b6c1-4d595fa3fc3a,70-2156995,01,Reta,Aguste,Aubin,Aguste Aubin
9cf05e34-9236-4519-ba20-59af022af377,25-9366263,03,Jandy,Harlene,Crone,
24b016a5-5026-4b17-8ab3-ac540cdf06b1,03-1615831,04,Rogerio,Saxon,Whal,Saxon Whal
94eeac69-c556-432b-a94a-cc8603a1a3b9,44-6633089,02,Sarene,Leonanie,Benjafield,
e3d29923-2fe2-402e-bf02-bea77905ed9c,90-9211034,09,Monika,Lizbeth,Girk,
d1096516-d931-49cb-9352-7cbeaf5e3fed,13-6197434,08,Lilly,Malorie,Nolte,
787c52af-ecc4-4d75-9ba6-a8cbb54c2ef5,44-5686520,02,Dulcinea,Stefan,Droogan,Stefan Droogan
41bdbe45-5c6c-4801-8857-8eea9d8f1dbd,21-9440313,07,Randal,Persis,Tothe,Persis Tothe
ec688b0a-89cb-47bf-9471-c65ad632c9d1,35-9991791,06,Allison,Reeta,Waber,
c2743b19-3266-4de6-995f-dba2493d9dd2,16-8903669,02,Asia,Felicio,Whetland,
7219090b-27e4-4f53-a2f5-8c0e375a8e6f,15-8440068,08,Peggie,Ellen,Ashbrook,
3089cc63-d3b6-4535-8dac-cad872dbf37c,18-0553216,02,Leonidas,Josephina,Ruppertz,
a7433f8c-f6ac-4371-81f8-efd939ef2144,33-0286381,02,Tania,Andie,Freezor,
2a4fb125-58e2-4c58-a62a-d79c5efbae37,78-5842333,02,Burton,Arie,Pigott,Arie Pigott
f2197a11-0f33-432f-8a35-c76a45fcf2e2,25-1664929,03,Rutter,Dena,Dunham,Dena Dunham
60a8fb99-6d91-47ae-b337-11e5c5226fce,20-2569074,04,Karil,Erasmus,Redhills,
48dd8586-28d6-4bd3-8bc2-c0d462506859,92-7714393,05,Tiffany,Raffaello,Dainton,Raffaello Dainton
4491c25b-e78f-4312-92ae-6e78530ed04a,64-4841971,05,Selle,Henka,Jorcke,Henka Jorcke
f9641072-d198-4a47-94a3-c7997b97d47b,36-4447413,02,Lucky,Rubina,Treanor,Rubina Treanor
6b26ac0c-8858-4b37-8174-5b0a5a7fefd7,66-2783624,04,Erna,Jade,Shenley,
a69a1c15-6af8-422c-8ca2-5967b94cbba1,74-8987355,09,Caryn,Beret,Aleavy,Beret Aleavy
6cc5bbf2-53b7-46d4-a314-987ab49b4b8c,72-0832628,08,Roderick,Riccardo,Mendenhall,Riccardo Mendenhall
6aaf12ae-c61d-4fd1-a659-4ab2b5948ddd,17-0874001,03,Jimmie,Bailey,Mangeney,
c1164a9f-9bcd-482f-80e5-e591a338fbe2,08-0404223,06,Odetta,Wayland,Wakeford,Wayland Wakeford
8227b691-4a8e-4242-9a5f-9702209da6da,43-0889380,03,Leo,Lyndsey,Jedrzej,Lyndsey Jedrzej
70d3890c-b69d-4952-abf7-03bf87cc3690,00-0732626,05,Iolande,Alicea,Barde,Alicea Barde
54e9829a-aea0-410c-a40c-b4bc657f0bf4,41-1072004,01,Elliott,Byrom,Daynter,Byrom Daynter
c00f67c7-d157-4a09-83f9-b430c836d589,03-5137814,01,Pauletta,Nonna,Whitta,Nonna Whitta
52aa7146-573a-4347-a650-090204de70cb,08-9519135,09,Katina,Gunther,Truran,Gunther Truran
b2ffc02d-25d1-4150-aece-010ab64f6b02,20-7694796,04,Elysia,Lyndsie,Peete,
84f41bc2-1b63-4ed4-8a01-3cb569d930e5,67-5816219,04,Mattheus,Em,Thowes,
f3fef2a1-b73c-4f52-9624-aa86b85ee0dc,79-5106453,09,Phineas,Hailey,Cregg,
845c4703-c1f5-4f21-9c43-81dd0e91f5a8,94-5680779,06,Mariana,Worthy,Wooton,Worthy Wooton
0ba77135-95c7-4c8d-80ea-ecad5c6c5a7c,24-9725280,09,Debby,Tanya,Dray,
026da5cd-8d5e-4ea0-8db4-d7654f641d5f,07-5717694,08,Ann-marie,Diandra,Roskelley,
0408c777-22bc-4018-99b1-971d2f7c8e72,95-6035579,01,Dun,Feodora,Prendeville,Feodora Prendeville
ad934234-1709-44a7-9bb6-66a8f4391df2,84-0328776,07,Neville,Natala,Oldman,Natala Oldman
eb95089e-32fb-4a73-88a7-53f9481866f3,19-8168254,02,Tull,Pippa,Birkenhead,Pippa Birkenhead
b8d779db-c461-4afe-8048-f60da93408a6,50-2095646,07,Maxi,Leticia,Foxall,Leticia Foxall
b8421a95-6c84-4275-a952-17573b5ecf5a,40-0062446,02,Liza,Kimmi,Moretto,
96f8c700-7e56-4f7b-95dd-920fcd5a7400,46-0774469,06,Lanni,Ludwig,Fenkel,Ludwig Fenkel
878704c3-bef5-4e7e-83cf-b1a4ae16e8a3,25-7162004,07,Wittie,Emlen,Antonioni,Emlen Antonioni
3c14047e-1dc7-49df-b96f-c50f0f5c16e4,15-1646342,02,Kimberli,Carolyne,Farnish,
da1cc0c4-1ffb-4759-86fa-d1fe81415571,52-2287145,09,Celia,Mallorie,Ortmann,
02579df9-8344-4911-917e-54c58ce5cff6,10-9178897,01,Brigham,Ana,Havile,Ana Havile
f3d40759-c769-4845-a931-33276405659b,25-5088715,05,Tedd,Arturo,Marielle,Arturo Marielle
12b6e9ed-0a91-428a-b318-8c9a6fb9d3ba,57-4528070,05,Zacharias,Angil,Faulder,
cfdee622-4f68-4a10-b5e6-82e49d2e2bc1,51-1385407,04,Dorelle,Dunc,Gorges,Dunc Gorges
4a50c8f8-7f27-4fbb-9ce5-59e398064f48,59-7047484,05,Shannon,Blair,Grevel,Blair Grevel
4209d3bf-aff5-4cc8-8687-74b3c150b0aa,88-6993656,06,Rinaldo,Karlyn,Mohun,Karlyn Mohun
4d4e9e8f-b4e8-4536-af16-257825ea0fc0,42-8865915,02,Roseline,Cyril,Kelson,
a8405833-13a4-4fbf-a427-f156ca757ccd,96-5176927,01,Michal,Langsdon,Slocom,
53b5ac9a-3018-4c9d-881e-5372a98b6629,10-3819451,01,Dimitry,Rance,Beattie,Rance Beattie
d62585e2-794d-499e-a0a2-f5f80cddcc9a,91-9570811,01,Nevin,Maynord,McMakin,
44bbc4c1-182a-496e-9b9f-9644044273d9,96-4757647,09,Meridith,Rosene,Lauga,Rosene Lauga
d98fd415-26f9-485a-85fa-15a39e56ab2f,50-2123298,04,Emmeline,Seumas,Brettoner,
095a29c9-6dd3-49b4-971c-1b36436ccf35,18-1516968,02,Randie,Olga,Gealy,Olga Gealy
ceeb1b9f-e158-4a4d-9110-6fcea6552ae4,69-8283039,04,Johnna,Papageno,Edinboro,
08617041-e020-47f2-9660-eb30aaf3d55c,76-0226973,01,Giselle,Johny,Bynold,
f9275e28-72f8-4076-b414-b14e500193a6,28-7955425,09,Shari,Clementius,Nelthorpe,
434eb2f8-a341-47cc-91c1-14b5b69d9387,14-8305343,05,Alley,Bobinette,Buten,
16aa20ad-7926-4cac-9e98-2d6797c895d3,46-7444913,07,Natalie,Belle,McCrone,
1162ed92-4c35-47ab-aa19-be7a83a57c80,50-7825003,02,Kiah,Willie,Goly,
a40851d0-b37e-4e71-860d-d1c6b5074493,29-4595539,01,Georgia,Lorne,Giraths,Lorne Giraths
2c820b7e-da23-4bc4-b141-8d6ff58852c1,48-2291829,06,Livy,Kermy,Buyers,
f7be01e8-9cb5-4bda-bff1-80aa00cbe321,17-5996380,08,Martina,Aliza,Judge,
c7d70137-89d3-4fe4-87e2-d7ec106cf898,31-9296508,06,Welbie,Sally,McFade,Sally McFade
f5995ef2-defd-4ab6-b053-6bb7c1178267,16-4456913,08,Pepi,Mada,Choppen,Mada Choppen
e566bbde-e348-4408-a375-30b340c435d9,48-1620107,05,Franky,Corbie,Disman,
39fcb98a-3477-4af6-a393-248a13fc6dec,27-6772512,02,Kaycee,Spenser,Lemmertz,
490509c7-d60a-422e-9830-518dd23808c8,55-3218741,04,Sunshine,Larissa,John,
c210acd7-bd39-4ae6-8c37-66cc8182225f,41-1031987,01,Lewes,Noach,Hummerston,
eddfe02e-93f1-4718-87ea-e1f655af6e95,71-1165439,01,Sumner,Louella,Balm,Louella Balm
ca9f1a80-8667-478f-a23a-6d06b3b5a078,33-9684367,02,Urbanus,Tanney,Corry,
3b67b5dd-ea3f-44cd-b45e-0af9ec4c5f45,43-5163742,01,Odessa,Marja,Meldrum,
e33643a0-ce28-4209-82f4-e11087c634ba,49-3072600,04,Hulda,Evelyn,Dehm,Evelyn Dehm
3979ccd4-aec9-478c-9e0c-1b0959a7f9ba,48-6076439,05,Tara,Hephzibah,Outram,Hephzibah Outram
7bda233b-caa9-4fbc-8fad-e8b55ea377a9,76-7212128,08,Fair,Daria,Ygoe,
9bb1919f-a9f6-4a7e-8531-4321762ce860,09-2259937,01,Ravid,Karrie,Lambarton,
99b39e98-5819-4a95-a08b-992d509b5f21,53-7702105,04,Nicolle,Silvain,Stote,
325c3912-2999-4cdf-bbc5-85a50992409c,91-2463915,06,Sapphira,Brander,Angove,
5ee6bdf0-310a-432a-a755-da24ba2390ab,09-1749517,02,Gregoire,Tersina,Ciccerale,Tersina Ciccerale
9cfd5d8a-4959-4eec-ba67-68366bce846c,37-3005125,06,Emelita,Malinda,Hubback,
87fe5ce3-5f1e-4287-80b9-47b0e30cb8fe,65-2437584,07,Modestia,Beverley,Snaddin,Beverley Snaddin
9fb82618-f025-4b25-95db-503059f77315,16-2143952,02,Opaline,Fenelia,Mattiassi,
c29ac147-3f74-4c38-9683-ce246ff528e7,09-2431702,06,Candace,Whitaker,Whiskerd,Whitaker Whiskerd
d2196ee2-1331-4a56-ada6-869adfc075a1,11-1943501,01,Morgana,Rachael,Tomasz,Rachael Tomasz
1a809601-3373-47ad-b26f-557d5630e6bb,24-4592953,02,Fanchette,Germain,Pavlata,
aa7efeb3-1f0b-46a7-8736-76638b6b8ce8,69-8200756,01,Frank,Stephanus,Janus,Stephanus Janus
000b3ee2-baf0-4ad2-b193-fd926b2473df,07-8824184,04,Jacklin,Dorisa,Lynnett,Dorisa Lynnett
c832b6c6-ba42-4388-aa66-a39223be3669,14-9775665,06,Carney,Marika,Boulds,
8fef5068-8438-4ad8-a5b8-49fba4b83067,82-4444323,01,Davine,Briggs,Lethcoe,Briggs Lethcoe
8c5dab00-5c5b-4df5-be2f-fe59c44adbdc,11-6357888,09,Perice,Celie,Davidsson,
f5f1a348-c967-4804-ac39-00fdff2243c8,06-3859682,08,Dorothea,Megan,Massot,
f8286b08-3858-4f46-b239-2b06b78859ee,63-7040901,07,Merle,Bradford,Ashman,Bradford Ashman
57da003e-276b-4973-9ef6-2a7b1f26c6f8,68-0232265,04,Ryann,Royal,Mulford,
cdf7ed90-bc70-4722-b0dc-6c343e775ba4,74-1439712,09,Franciskus,Berenice,Linnit,
3e323f31-a06c-4f9e-b172-52fdf132521f,23-1061413,01,Kittie,Anson,Chellenham,
e5e43fc6-742b-4717-ab73-5bf95d12da21,09-7074493,03,Zed,Lory,Burberow,
58ff6114-1ea5-44b1-b5f6-51d362ca75d5,18-9752543,01,Delainey,Krystyna,Shorte,
88104f4a-0a35-4340-ab1e-dab05e9d94a8,48-8566941,05,Kennith,Rosalynd,Mattussevich,
9d261f98-7d01-4555-922c-b6a3c1ee1741,41-9245222,08,Annabelle,Mabel,Willett,
33303cd5-bec3-4849-a9d7-292222be7e3c,73-1228384,02,Marcelo,Madelene,Szubert,Madelene Szubert
eb476691-52bd-4270-a993-602b3015e9fd,79-1802021,01,Nevsa,Eddie,Jentle,Eddie Jentle
f8e0edc1-75eb-4e38-b485-87e4fba46787,49-4408417,02,Bing,Page,Chomicz,Page Chomicz
c7c5a0b8-cc29-455e-9956-4051b7bdda1b,15-3403724,05,Brock,Kari,Dorward,
ea57cdf6-3dab-4945-9522-744807bce692,22-6873158,01,Willi,Rochester,Jurgenson,
9c729fd1-8e3c-49ea-9919-c0fb0f34c928,30-1081700,01,Pernell,Hashim,Westbrook,Hashim Westbrook
8eed765b-8e81-4225-96d2-45c31cd40844,38-9761180,09,Rafa,Darrel,Winkett,Darrel Winkett
3023e6c6-ae70-420f-8b5b-1d4856ae48ab,44-7269879,03,Sylvester,Coriss,Climo,Coriss Climo
ff39f555-87f4-41e2-b17f-51f9f93301e2,78-5553743,06,Conrad,Elie,Pope,
e8a9bced-aa7b-4778-b1b1-5b1fdef63144,29-2931014,01,Jakob,Carlos,Gatehouse,
883bfe60-f0dd-4ef8-b62b-9d99f0b5dbde,84-4429806,01,Edward,Doy,Gergus,
b60864e7-92e0-47a5-96ac-d7ab15e397e3,54-5794584,08,Gwen,Vincent,Ivannikov,Vincent Ivannikov
dca6f95a-600c-405a-b0c3-0d6ce48a9fab,36-9264654,06,Lorant,Meredeth,Shortcliffe,
4ad97eec-dd38-4c6b-abc3-4015fa37b1fe,47-7124301,01,Artair,Odille,Mundle,
4749610e-2461-460d-acb2-8463c2914406,36-6659159,01,Jacqui,Mira,Puffett,
0bac2409-89a6-4ad6-8c33-ad1b6d14fb7d,37-5219990,01,Griselda,Amalita,Boddam,
47da7479-9d5d-4213-a273-3c4e4cb71588,57-7889919,01,Norri,Haleigh,Stoffler,Haleigh Stoffler
c88aaa6b-ca94-4bb0-80a6-a89ad6b2c724,59-6141759,02,Wendall,Perceval,Lestrange,Perceval Lestrange
f1fc3aa1-fab6-4af1-88d1-9d1cd1fc194e,26-2917828,06,Tybi,Kathrine,Hamer,Kathrine Hamer
e5dd7eb8-f19d-4c4c-a7d2-3a54bd68ec7f,68-9826405,09,Arlyn,Benjy,Fontes,
8afa32a3-6acc-409a-887b-478482d8c60d,91-7396227,02,Bartholomeus,Rustie,Woollett,Rustie Woollett
50746db6-2dd0-443f-9b8b-17caa26d1816,13-4976795,03,Iver,Gamaliel,Kop,
84737e62-1fd1-4085-8c34-b1449fc08f2f,13-1061344,05,Glory,Tammy,Peile,Tammy Peile
8a8b7459-4b5b-43e7-951e-5f57dd9452a9,63-4993326,04,Samara,Vivia,McGerraghty,Vivia McGerraghty
84374019-e2bd-4ed6-a212-a394964d656f,24-9028508,03,Hal,Ken,Girling,
eca04c43-dc05-4f43-9d99-5b4fcdbd318d,99-3529059,02,Suzette,Bernette,Skeemer,Bernette Skeemer
60a11d48-308c-4af1-ae3e-8c33ae121beb,96-1430970,03,Nolana,Albertina,Akhurst,
a88d2f0e-fd6a-436d-864e-e631c7e457a9,73-3962515,07,Richart,Griffin,Blench,
3f15e5b7-19b8-4094-a3e7-d0ab776aaf35,04-7048941,01,Sutherland,Richard,Hanselmann,Richard Hanselmann
92be512b-6ac6-4c06-b66d-b2003a4ef0b6,07-7197063,05,Kimball,Woody,Kiddell,Woody Kiddell
ec438a92-6ec8-4dbd-ac4e-c11498d74934,50-4756282,07,Tori,Maria,Lobley,
bfbddc47-ab9d-403d-a457-2f21b5173174,57-2083848,08,Vinni,Richmound,Grigorey,
4330662a-86dd-4f36-a366-064ffe02dff8,62-1729729,08,Corney,Roxi,Shearsby,
cfdc8b8b-0488-4306-8068-ddb3a1fa2767,78-9404687,06,Kimberli,Tyler,Deas,
efd520f0-2e30-4fde-ab78-9398b7c3c423,46-8372971,07,Athene,Karin,Dabbes,Karin Dabbes
230038f7-48d4-47a6-bc7e-d202c8b5dcc9,97-8791312,01,Estevan,Danny,Pyrke,Danny Pyrke
6812da65-522a-4bf1-900f-e8ab4f465bed,13-2089053,07,Yuma,Teressa,Andreoletti,
97cd0c82-0505-49f4-8434-90d813d94a91,61-1428675,04,Cristian,Viva,Bodechon,
735312c3-b128-498f-8a5f-e509bbcff6ba,62-2379604,08,Alena,Hulda,Neumann,
071bb7a9-715e-4ee9-bcbc-5f480fe37489,79-9462923,05,Izak,Farra,Kelly,
fe939e73-b258-4aa0-adcc-53a9db45f50c,16-0544451,07,Ly,Patricia,Jeavon,Patricia Jeavon
2b0e494d-6d1d-4a71-a2e2-2aa51397d16b,14-0764787,02,Patric,Jeffie,Leifer,Jeffie Leifer
5a4e2faf-c773-4333-bb7a-d7bf2f82ef41,00-4957889,03,Kelsi,Molly,Huttley,
dda6602d-f818-4602-b9af-702fa0bd39a3,52-4248463,09,Conway,Siegfried,Stoeckle,Siegfried Stoeckle
d79c0e19-d5ed-472f-b551-d1c7e8cd20ba,14-9469817,08,Kent,Cosimo,Jenckes,Cosimo Jenckes
1cdc33bf-a826-4a25-8c9f-386065115b62,81-7066856,01,Leupold,Kimble,Dominique,Kimble Dominique
11d70299-98d8-4439-8da0-c7b8bb62e153,17-2710696,02,Koenraad,Jorrie,Sloyan,Jorrie Sloyan
fbcf2588-c7b6-4a03-bd87-90adb49bb511,13-4455040,05,Maudie,Mela,Langthorne,
1e740eb9-da93-493b-afa9-0f321a41e9dd,07-6625936,07,Wiatt,Angelle,Witherden,
ec1fb361-e53b-4fbf-a3e7-77dcd7ee3ca2,62-7991967,03,Damiano,Patric,Aim,Patric Aim
7b91ca6d-ba79-4daa-aee8-68b1aa9b54e7,55-7271911,09,Karlie,Nikaniki,Hutfield,Nikaniki Hutfield
a15861ca-a517-40ab-950d-3843a0f870a6,81-3075941,06,Estelle,Gannie,Fannon,Gannie Fannon
55ed0e97-5d92-4226-b0f8-fba27ddec203,90-3997856,01,Ramona,Ricca,Hyne,
2cb520d5-4bfb-4bb0-8bd7-7081beb0ca63,01-1942056,05,Jill,Calida,MacGorman,Calida MacGorman
dd5b8a71-b317-4e0a-85f3-2d18f7bb28d0,84-8149255,06,Adrian,Whitaker,Radeliffe,
3c34aec7-a43a-44b4-bf06-a18ed9fa2dda,62-0787697,03,Wilona,Kirsti,Jess,
bf184320-3e3f-4f98-9fef-13f31e19142e,62-8336673,01,Kimmie,Hagan,Kettlestringe,Hagan Kettlestringe
0f2b96d9-9743-4d0b-80e3-076496f81927,79-4090601,08,Minny,Elbertine,Billborough,Elbertine Billborough
4a1192be-1d75-4907-9d37-04e91b0a9215,87-6713763,02,Elliot,Kiele,Ransfield,
c30a2f4f-c03a-4d70-9d56-b49c1af0bdf5,20-0217907,01,Kipp,Waly,Daniele,
36ece8c7-c907-468f-a1db-578d6a5ef50d,98-9704817,07,Lolly,Henrieta,Pisco,
ac65badd-a223-4721-887a-a546a1b6a612,45-8573338,03,Kitti,Julianna,Perrycost,
c98400ba-2386-4a5c-b2af-c5b6bd473a24,61-4841135,01,Moira,Beniamino,Wyrill,Beniamino Wyrill
ca0e66b7-4456-448d-b7bf-4e2d11fe5686,18-9065318,01,Foster,Shari,Westgate,Shari Westgate
cd55a0ec-4233-4f92-b735-69515045ab0a,11-4854311,03,Hebert,West,Meaking,
8a3b2c05-fa8f-4cd6-82ea-7a44dac23c0f,84-0628510,03,Tynan,Hector,Demsey,Hector Demsey
dedf8cf9-4082-4912-adfa-319c409ec674,16-3624992,05,Flynn,Starr,Tull,
5ad59150-b04b-4749-ac4a-ae28a1ccf6b5,09-3446779,02,Adolf,Harrie,Van Oord,Harrie Van Oord
6a109a2f-fa1e-4eb5-8b8a-a66242f5faec,38-2318504,08,Nettie,Keene,Orrocks,Keene Orrocks
790eb0cb-eaf1-4113-9830-c0def1523521,26-5589181,03,Sherie,Vitoria,Sivior,
54677606-4103-41ad-bfb4-79a78ed06ac4,37-8302759,06,Herculie,Em,Shapland,
be54d6a3-0618-40cc-897e-fd3505f58b2f,34-8984819,03,Marlo,Giralda,Freathy,
e29d92fb-f3d9-46aa-91cd-7d6473fc2ce4,23-2616065,06,Lynett,Rosaleen,Gallety,
7349869a-dea7-48cc-93fb-1de7f4f30ebe,89-1388040,03,Jessee,Beaufort,D'Alessio,
66e3fe13-bef4-4dfe-8d81-85c2e4c59311,24-4237112,03,Clay,Deidre,Duchatel,Deidre Duchatel
99b29b79-4e40-424b-9a2e-7f3fc00c1edb,70-2799782,02,Mareah,Boothe,Bean,Boothe Bean
0f09d42c-f2a3-4ade-b8dc-bcada6a796f7,67-1091422,02,Ulrich,Rivi,Setch,Rivi Setch
375d206f-29f8-4b80-8e72-adce4a4ee33b,27-9272300,06,Zeb,Bertrand,Noods,
4b8c3aba-1074-48d5-916a-24911fb4136e,83-6823928,08,Lavinie,Dody,Beauman,Dody Beauman
30ece05f-4365-4345-b5de-a302057aaf61,74-6465832,01,Fidela,Hattie,Baudi,
